-- --------------------------------------------------------
-- Host:                         127.0.0.1
-- Server version:               5.7.33 - MySQL Community Server (GPL)
-- Server OS:                    Win64
-- HeidiSQL Version:             11.2.0.6213
-- --------------------------------------------------------

/*!40101 SET @OLD_CHARACTER_SET_CLIENT=@@CHARACTER_SET_CLIENT */;
/*!40101 SET NAMES utf8 */;
/*!50503 SET NAMES utf8mb4 */;
/*!40014 SET @OLD_FOREIGN_KEY_CHECKS=@@FOREIGN_KEY_CHECKS, FOREIGN_KEY_CHECKS=0 */;
/*!40101 SET @OLD_SQL_MODE=@@SQL_MODE, SQL_MODE='NO_AUTO_VALUE_ON_ZERO' */;
/*!40111 SET @OLD_SQL_NOTES=@@SQL_NOTES, SQL_NOTES=0 */;

-- Dumping data for table kavlings_app.add_ons: ~2 rows (approximately)
DELETE FROM `add_ons`;
/*!40000 ALTER TABLE `add_ons` DISABLE KEYS */;
INSERT INTO `add_ons` (`id`, `nama_add_on`, `harga`, `keterangan`, `status`, `created_at`, `updated_at`) VALUES
	(1, 'Keramik', 200000.00, 'Keramik', 'ON', NULL, NULL),
	(2, 'Semen', 200000.00, 'Semen', 'ON', NULL, '2022-11-19 08:00:12');
/*!40000 ALTER TABLE `add_ons` ENABLE KEYS */;

-- Dumping data for table kavlings_app.blocks: ~15 rows (approximately)
DELETE FROM `blocks`;
/*!40000 ALTER TABLE `blocks` DISABLE KEYS */;
INSERT INTO `blocks` (`id`, `block_name`, `is_parking`, `harga`, `row_block_id`, `created_at`, `updated_at`) VALUES
	(1, 'AI-1', 'YES', 2500000.00, 1, NULL, NULL),
	(2, 'AI-2', 'NO', 2500000.00, 1, NULL, NULL),
	(3, 'AI-3', 'NO', 2500000.00, 1, NULL, NULL),
	(4, 'A', 'YES', 2500000.00, 2, NULL, NULL),
	(5, 'A-1', 'NO', 2500000.00, 2, NULL, NULL),
	(6, 'A-2', 'NO', 2500000.00, 2, NULL, NULL),
	(7, 'B-1', 'YES', 2500000.00, 3, NULL, NULL),
	(8, 'B-2', 'NO', 2500000.00, 3, NULL, NULL),
	(9, 'B-3', 'NO', 2500000.00, 3, NULL, NULL),
	(10, 'C-1', 'YES', 2500000.00, 4, NULL, NULL),
	(11, 'C-2', 'NO', 2500000.00, 4, NULL, NULL),
	(12, 'C-3', 'NO', 2500000.00, 4, NULL, NULL),
	(13, 'D-1', 'YES', 2500000.00, 5, NULL, NULL),
	(14, 'D-2', 'NO', 2500000.00, 5, NULL, NULL),
	(15, 'D-3', 'NO', 2500000.00, 5, NULL, NULL);
/*!40000 ALTER TABLE `blocks` ENABLE KEYS */;

-- Dumping data for table kavlings_app.failed_jobs: ~0 rows (approximately)
DELETE FROM `failed_jobs`;
/*!40000 ALTER TABLE `failed_jobs` DISABLE KEYS */;
/*!40000 ALTER TABLE `failed_jobs` ENABLE KEYS */;

-- Dumping data for table kavlings_app.kavlings: ~3.858 rows (approximately)
DELETE FROM `kavlings`;
/*!40000 ALTER TABLE `kavlings` DISABLE KEYS */;
INSERT INTO `kavlings` (`id`, `nama_kavling`, `status`, `block_id`, `created_at`, `updated_at`) VALUES
	(1, 'AI-1', 'UNAVAILABLE', 1, NULL, '2022-11-18 04:13:51'),
	(2, 'AI-2', 'UNAVAILABLE', 1, NULL, '2022-11-19 07:26:23'),
	(3, 'AI-3', 'UNAVAILABLE', 1, NULL, NULL),
	(4, 'AI-4', 'UNAVAILABLE', 1, NULL, '2022-11-19 07:26:23'),
	(5, 'AI-5', 'UNAVAILABLE', 1, NULL, NULL),
	(6, 'AI-6', 'UNAVAILABLE', 1, NULL, '2022-11-19 07:26:23'),
	(7, 'AI-7', 'UNAVAILABLE', 1, NULL, NULL),
	(8, 'AI-8', 'AVAILABLE', 1, NULL, NULL),
	(9, 'AI-9', 'AVAILABLE', 1, NULL, NULL),
	(10, 'AI-10', 'UNAVAILABLE', 1, NULL, NULL),
	(11, 'AI-11', 'AVAILABLE', 1, NULL, NULL),
	(12, 'AI-12', 'AVAILABLE', 1, NULL, NULL),
	(13, 'AI-13', 'AVAILABLE', 1, NULL, NULL),
	(14, 'AI-14', 'AVAILABLE', 1, NULL, NULL),
	(15, 'AI-15', 'AVAILABLE', 1, NULL, NULL),
	(16, 'AI-16', 'AVAILABLE', 1, NULL, NULL),
	(17, 'AI-17', 'AVAILABLE', 1, NULL, NULL),
	(18, 'AI-18', 'AVAILABLE', 1, NULL, NULL),
	(19, 'AI-19', 'AVAILABLE', 1, NULL, NULL),
	(20, 'AI-20', 'AVAILABLE', 1, NULL, NULL),
	(21, 'AI-21', 'AVAILABLE', 1, NULL, NULL),
	(22, 'AI-22', 'AVAILABLE', 1, NULL, NULL),
	(23, 'AI-23', 'AVAILABLE', 1, NULL, NULL),
	(24, 'AI-24', 'AVAILABLE', 1, NULL, NULL),
	(25, 'AI-25', 'AVAILABLE', 1, NULL, NULL),
	(26, 'AI-26', 'AVAILABLE', 1, NULL, NULL),
	(27, 'AI-27', 'AVAILABLE', 1, NULL, NULL),
	(28, 'AI-28', 'AVAILABLE', 1, NULL, NULL),
	(29, 'AI-29', 'AVAILABLE', 1, NULL, NULL),
	(30, 'AI-30', 'AVAILABLE', 1, NULL, NULL),
	(31, 'AI-31', 'AVAILABLE', 1, NULL, NULL),
	(32, 'AI-32', 'AVAILABLE', 1, NULL, NULL),
	(33, 'AI-33', 'AVAILABLE', 1, NULL, NULL),
	(34, 'AI-34', 'AVAILABLE', 1, NULL, NULL),
	(35, 'AI-35', 'AVAILABLE', 1, NULL, NULL),
	(36, 'AI-36', 'AVAILABLE', 1, NULL, NULL),
	(37, 'AI-37', 'AVAILABLE', 1, NULL, NULL),
	(38, 'AI-38', 'AVAILABLE', 1, NULL, NULL),
	(39, 'AI-39', 'AVAILABLE', 1, NULL, NULL),
	(40, 'AI-40', 'AVAILABLE', 1, NULL, NULL),
	(41, 'AI-41', 'AVAILABLE', 1, NULL, NULL),
	(42, 'AI-42', 'AVAILABLE', 1, NULL, NULL),
	(43, 'AI-43', 'AVAILABLE', 1, NULL, NULL),
	(44, 'AI-44', 'AVAILABLE', 1, NULL, NULL),
	(45, 'AI-45', 'AVAILABLE', 1, NULL, NULL),
	(46, 'AI-46', 'AVAILABLE', 1, NULL, NULL),
	(47, 'AI-47', 'AVAILABLE', 1, NULL, NULL),
	(48, 'AI-48', 'AVAILABLE', 1, NULL, NULL),
	(49, 'AI-49', 'AVAILABLE', 1, NULL, NULL),
	(50, 'AI-50', 'AVAILABLE', 1, NULL, NULL),
	(51, 'AI-51', 'AVAILABLE', 1, NULL, NULL),
	(52, 'AI-52', 'AVAILABLE', 1, NULL, NULL),
	(53, 'AI-53', 'AVAILABLE', 1, NULL, NULL),
	(54, 'AI-54', 'AVAILABLE', 1, NULL, NULL),
	(55, 'AI-55', 'AVAILABLE', 1, NULL, NULL),
	(56, 'AI-56', 'AVAILABLE', 1, NULL, NULL),
	(57, 'AI-57', 'AVAILABLE', 1, NULL, NULL),
	(58, 'AI-58', 'AVAILABLE', 1, NULL, NULL),
	(59, 'AI-59', 'AVAILABLE', 1, NULL, NULL),
	(60, 'AI-60', 'AVAILABLE', 1, NULL, NULL),
	(61, 'AI-61', 'AVAILABLE', 1, NULL, NULL),
	(62, 'AI-62', 'AVAILABLE', 1, NULL, NULL),
	(63, 'AI-63', 'AVAILABLE', 1, NULL, NULL),
	(64, 'AI-64', 'AVAILABLE', 1, NULL, NULL),
	(65, 'AI-65', 'AVAILABLE', 1, NULL, NULL),
	(66, 'AI-66', 'AVAILABLE', 1, NULL, NULL),
	(67, 'AI-67', 'AVAILABLE', 1, NULL, NULL),
	(68, 'AI-68', 'AVAILABLE', 1, NULL, NULL),
	(69, 'AI-69', 'AVAILABLE', 1, NULL, NULL),
	(70, 'AI-70', 'AVAILABLE', 1, NULL, NULL),
	(71, 'AI-71', 'AVAILABLE', 1, NULL, NULL),
	(72, 'AI-72', 'AVAILABLE', 1, NULL, NULL),
	(73, 'AI-73', 'AVAILABLE', 1, NULL, NULL),
	(74, 'AI-74', 'AVAILABLE', 1, NULL, NULL),
	(75, 'AI-75', 'AVAILABLE', 1, NULL, NULL),
	(76, 'AI-76', 'AVAILABLE', 1, NULL, NULL),
	(77, 'AI-77', 'AVAILABLE', 1, NULL, NULL),
	(78, 'AI-78', 'AVAILABLE', 1, NULL, NULL),
	(79, 'AI-79', 'AVAILABLE', 1, NULL, NULL),
	(80, 'AI-80', 'AVAILABLE', 1, NULL, NULL),
	(81, 'AI-81', 'AVAILABLE', 1, NULL, NULL),
	(82, 'AI-82', 'AVAILABLE', 1, NULL, NULL),
	(83, 'AI-83', 'AVAILABLE', 1, NULL, NULL),
	(84, 'AI-84', 'AVAILABLE', 1, NULL, NULL),
	(85, 'AI-85', 'AVAILABLE', 1, NULL, NULL),
	(86, 'AI-86', 'AVAILABLE', 1, NULL, NULL),
	(87, 'AI-87', 'AVAILABLE', 1, NULL, NULL),
	(88, 'AI-88', 'AVAILABLE', 1, NULL, NULL),
	(89, 'AI-89', 'AVAILABLE', 1, NULL, NULL),
	(90, 'AI-90', 'AVAILABLE', 1, NULL, NULL),
	(91, 'AI-91', 'AVAILABLE', 1, NULL, NULL),
	(92, 'AI-92', 'AVAILABLE', 1, NULL, NULL),
	(93, 'AI-93', 'AVAILABLE', 1, NULL, NULL),
	(94, 'AI-94', 'AVAILABLE', 1, NULL, NULL),
	(95, 'AI-95', 'AVAILABLE', 1, NULL, NULL),
	(96, 'AI-96', 'AVAILABLE', 1, NULL, NULL),
	(97, 'AI-97', 'AVAILABLE', 1, NULL, NULL),
	(98, 'AI-98', 'AVAILABLE', 1, NULL, NULL),
	(99, 'AI-99', 'AVAILABLE', 1, NULL, NULL),
	(100, 'AI-100', 'AVAILABLE', 1, NULL, NULL),
	(101, 'AI-101', 'AVAILABLE', 1, NULL, NULL),
	(102, 'AI-102', 'AVAILABLE', 1, NULL, NULL),
	(103, 'AI-103', 'AVAILABLE', 1, NULL, NULL),
	(104, 'AI-104', 'AVAILABLE', 1, NULL, NULL),
	(105, 'AI-105', 'AVAILABLE', 1, NULL, NULL),
	(106, 'AI-106', 'AVAILABLE', 1, NULL, NULL),
	(107, 'AI-107', 'AVAILABLE', 1, NULL, NULL),
	(108, 'AI-108', 'AVAILABLE', 1, NULL, NULL),
	(109, 'AI-109', 'AVAILABLE', 1, NULL, NULL),
	(110, 'AI-110', 'AVAILABLE', 1, NULL, NULL),
	(111, 'AI-111', 'AVAILABLE', 1, NULL, NULL),
	(112, 'AI-112', 'AVAILABLE', 1, NULL, NULL),
	(113, 'AI-113', 'AVAILABLE', 1, NULL, NULL),
	(114, 'AI-114', 'AVAILABLE', 1, NULL, NULL),
	(115, 'AI-115', 'AVAILABLE', 1, NULL, NULL),
	(116, 'AI-116', 'AVAILABLE', 1, NULL, NULL),
	(117, 'AI-117', 'AVAILABLE', 1, NULL, NULL),
	(118, 'AI-118', 'AVAILABLE', 1, NULL, NULL),
	(119, 'AI-119', 'AVAILABLE', 1, NULL, NULL),
	(120, 'AI-120', 'AVAILABLE', 1, NULL, NULL),
	(121, 'AI-121', 'AVAILABLE', 1, NULL, NULL),
	(122, 'AI-122', 'AVAILABLE', 1, NULL, NULL),
	(123, 'AI-123', 'AVAILABLE', 1, NULL, NULL),
	(124, 'AI-124', 'AVAILABLE', 1, NULL, NULL),
	(125, 'AI-125', 'AVAILABLE', 1, NULL, NULL),
	(126, 'AI-126', 'AVAILABLE', 1, NULL, NULL),
	(127, 'AI-127', 'AVAILABLE', 1, NULL, NULL),
	(128, 'AI-128', 'AVAILABLE', 1, NULL, NULL),
	(129, 'AI-129', 'AVAILABLE', 1, NULL, NULL),
	(130, 'AI-130', 'AVAILABLE', 1, NULL, NULL),
	(131, 'AI-131', 'AVAILABLE', 1, NULL, NULL),
	(132, 'AI-132', 'AVAILABLE', 1, NULL, NULL),
	(133, 'AI-133', 'AVAILABLE', 1, NULL, NULL),
	(134, 'AI-134', 'AVAILABLE', 1, NULL, NULL),
	(135, 'AI-135', 'AVAILABLE', 1, NULL, NULL),
	(136, 'AI-136', 'AVAILABLE', 1, NULL, NULL),
	(137, 'AI-137', 'AVAILABLE', 1, NULL, NULL),
	(138, 'AI-138', 'AVAILABLE', 1, NULL, NULL),
	(139, 'AI-139', 'AVAILABLE', 1, NULL, NULL),
	(140, 'AI-140', 'AVAILABLE', 1, NULL, NULL),
	(141, 'AI-141', 'AVAILABLE', 1, NULL, NULL),
	(142, 'AI-142', 'AVAILABLE', 1, NULL, NULL),
	(143, 'AI-143', 'AVAILABLE', 1, NULL, NULL),
	(144, 'AI-144', 'AVAILABLE', 1, NULL, NULL),
	(145, 'AI-145', 'AVAILABLE', 1, NULL, NULL),
	(146, 'AI-146', 'AVAILABLE', 1, NULL, NULL),
	(147, 'AI-147', 'AVAILABLE', 1, NULL, NULL),
	(148, 'AI-148', 'AVAILABLE', 1, NULL, NULL),
	(149, 'AI-149', 'AVAILABLE', 1, NULL, NULL),
	(150, 'AI-150', 'AVAILABLE', 1, NULL, NULL),
	(151, 'AI-151', 'AVAILABLE', 1, NULL, NULL),
	(152, 'AI-152', 'AVAILABLE', 1, NULL, NULL),
	(153, 'AI2-1', 'AVAILABLE', 2, NULL, NULL),
	(154, 'AI2-2', 'AVAILABLE', 2, NULL, NULL),
	(155, 'AI2-3', 'AVAILABLE', 2, NULL, NULL),
	(156, 'AI2-4', 'AVAILABLE', 2, NULL, NULL),
	(157, 'AI2-5', 'AVAILABLE', 2, NULL, NULL),
	(158, 'AI2-6', 'AVAILABLE', 2, NULL, NULL),
	(159, 'AI2-7', 'AVAILABLE', 2, NULL, NULL),
	(160, 'AI2-8', 'AVAILABLE', 2, NULL, NULL),
	(161, 'AI2-9', 'AVAILABLE', 2, NULL, NULL),
	(162, 'AI2-10', 'AVAILABLE', 2, NULL, NULL),
	(163, 'AI2-11', 'AVAILABLE', 2, NULL, NULL),
	(164, 'AI2-12', 'AVAILABLE', 2, NULL, NULL),
	(165, 'AI2-13', 'AVAILABLE', 2, NULL, NULL),
	(166, 'AI2-14', 'AVAILABLE', 2, NULL, NULL),
	(167, 'AI2-15', 'AVAILABLE', 2, NULL, NULL),
	(168, 'AI2-16', 'AVAILABLE', 2, NULL, NULL),
	(169, 'AI2-17', 'AVAILABLE', 2, NULL, NULL),
	(170, 'AI2-18', 'AVAILABLE', 2, NULL, NULL),
	(171, 'AI2-19', 'AVAILABLE', 2, NULL, NULL),
	(172, 'AI2-20', 'AVAILABLE', 2, NULL, NULL),
	(173, 'AI2-21', 'AVAILABLE', 2, NULL, NULL),
	(174, 'AI2-22', 'AVAILABLE', 2, NULL, NULL),
	(175, 'AI2-23', 'AVAILABLE', 2, NULL, NULL),
	(176, 'AI2-24', 'AVAILABLE', 2, NULL, NULL),
	(177, 'AI2-25', 'AVAILABLE', 2, NULL, NULL),
	(178, 'AI2-26', 'AVAILABLE', 2, NULL, NULL),
	(179, 'AI2-27', 'AVAILABLE', 2, NULL, NULL),
	(180, 'AI2-28', 'AVAILABLE', 2, NULL, NULL),
	(181, 'AI2-29', 'AVAILABLE', 2, NULL, NULL),
	(182, 'AI2-30', 'AVAILABLE', 2, NULL, NULL),
	(183, 'AI2-31', 'AVAILABLE', 2, NULL, NULL),
	(184, 'AI2-32', 'AVAILABLE', 2, NULL, NULL),
	(185, 'AI2-33', 'AVAILABLE', 2, NULL, NULL),
	(186, 'AI2-34', 'AVAILABLE', 2, NULL, NULL),
	(187, 'AI2-35', 'AVAILABLE', 2, NULL, NULL),
	(188, 'AI2-36', 'AVAILABLE', 2, NULL, NULL),
	(189, 'AI2-37', 'AVAILABLE', 2, NULL, NULL),
	(190, 'AI2-38', 'AVAILABLE', 2, NULL, NULL),
	(191, 'AI2-39', 'AVAILABLE', 2, NULL, NULL),
	(192, 'AI2-40', 'AVAILABLE', 2, NULL, NULL),
	(193, 'AI2-41', 'AVAILABLE', 2, NULL, NULL),
	(194, 'AI2-42', 'AVAILABLE', 2, NULL, NULL),
	(195, 'AI2-43', 'AVAILABLE', 2, NULL, NULL),
	(196, 'AI2-44', 'AVAILABLE', 2, NULL, NULL),
	(197, 'AI2-45', 'AVAILABLE', 2, NULL, NULL),
	(198, 'AI2-46', 'AVAILABLE', 2, NULL, NULL),
	(199, 'AI2-47', 'AVAILABLE', 2, NULL, NULL),
	(200, 'AI2-48', 'AVAILABLE', 2, NULL, NULL),
	(201, 'AI2-49', 'AVAILABLE', 2, NULL, NULL),
	(202, 'AI2-50', 'AVAILABLE', 2, NULL, NULL),
	(203, 'AI2-51', 'AVAILABLE', 2, NULL, NULL),
	(204, 'AI2-52', 'AVAILABLE', 2, NULL, NULL),
	(205, 'AI2-53', 'AVAILABLE', 2, NULL, NULL),
	(206, 'AI2-54', 'AVAILABLE', 2, NULL, NULL),
	(207, 'AI2-55', 'AVAILABLE', 2, NULL, NULL),
	(208, 'AI2-56', 'AVAILABLE', 2, NULL, NULL),
	(209, 'AI2-57', 'AVAILABLE', 2, NULL, NULL),
	(210, 'AI2-58', 'AVAILABLE', 2, NULL, NULL),
	(211, 'AI2-59', 'AVAILABLE', 2, NULL, NULL),
	(212, 'AI2-60', 'AVAILABLE', 2, NULL, NULL),
	(213, 'AI2-61', 'AVAILABLE', 2, NULL, NULL),
	(214, 'AI2-62', 'AVAILABLE', 2, NULL, NULL),
	(215, 'AI2-63', 'AVAILABLE', 2, NULL, NULL),
	(216, 'AI2-64', 'AVAILABLE', 2, NULL, NULL),
	(217, 'AI2-65', 'AVAILABLE', 2, NULL, NULL),
	(218, 'AI2-66', 'AVAILABLE', 2, NULL, NULL),
	(219, 'AI2-67', 'AVAILABLE', 2, NULL, NULL),
	(220, 'AI2-68', 'AVAILABLE', 2, NULL, NULL),
	(221, 'AI2-69', 'AVAILABLE', 2, NULL, NULL),
	(222, 'AI2-70', 'AVAILABLE', 2, NULL, NULL),
	(223, 'AI2-71', 'AVAILABLE', 2, NULL, NULL),
	(224, 'AI2-72', 'AVAILABLE', 2, NULL, NULL),
	(225, 'AI2-73', 'AVAILABLE', 2, NULL, NULL),
	(226, 'AI2-74', 'AVAILABLE', 2, NULL, NULL),
	(227, 'AI2-75', 'AVAILABLE', 2, NULL, NULL),
	(228, 'AI2-76', 'AVAILABLE', 2, NULL, NULL),
	(229, 'AI2-77', 'AVAILABLE', 2, NULL, NULL),
	(230, 'AI2-78', 'AVAILABLE', 2, NULL, NULL),
	(231, 'AI2-79', 'AVAILABLE', 2, NULL, NULL),
	(232, 'AI2-80', 'AVAILABLE', 2, NULL, NULL),
	(233, 'AI2-81', 'AVAILABLE', 2, NULL, NULL),
	(234, 'AI2-82', 'AVAILABLE', 2, NULL, NULL),
	(235, 'AI2-83', 'AVAILABLE', 2, NULL, NULL),
	(236, 'AI2-84', 'AVAILABLE', 2, NULL, NULL),
	(237, 'AI2-85', 'AVAILABLE', 2, NULL, NULL),
	(238, 'AI2-86', 'AVAILABLE', 2, NULL, NULL),
	(239, 'AI2-87', 'AVAILABLE', 2, NULL, NULL),
	(240, 'AI2-88', 'AVAILABLE', 2, NULL, NULL),
	(241, 'AI2-89', 'AVAILABLE', 2, NULL, NULL),
	(242, 'AI2-90', 'AVAILABLE', 2, NULL, NULL),
	(243, 'AI2-91', 'AVAILABLE', 2, NULL, NULL),
	(244, 'AI2-92', 'AVAILABLE', 2, NULL, NULL),
	(245, 'AI2-93', 'AVAILABLE', 2, NULL, NULL),
	(246, 'AI2-94', 'AVAILABLE', 2, NULL, NULL),
	(247, 'AI2-95', 'AVAILABLE', 2, NULL, NULL),
	(248, 'AI2-96', 'AVAILABLE', 2, NULL, NULL),
	(249, 'AI2-97', 'AVAILABLE', 2, NULL, NULL),
	(250, 'AI2-98', 'AVAILABLE', 2, NULL, NULL),
	(251, 'AI2-99', 'AVAILABLE', 2, NULL, NULL),
	(252, 'AI2-100', 'AVAILABLE', 2, NULL, NULL),
	(253, 'AI2-101', 'AVAILABLE', 2, NULL, NULL),
	(254, 'AI2-102', 'AVAILABLE', 2, NULL, NULL),
	(255, 'AI2-103', 'AVAILABLE', 2, NULL, NULL),
	(256, 'AI2-104', 'AVAILABLE', 2, NULL, NULL),
	(257, 'AI2-105', 'AVAILABLE', 2, NULL, NULL),
	(258, 'AI2-106', 'AVAILABLE', 2, NULL, NULL),
	(259, 'AI2-107', 'AVAILABLE', 2, NULL, NULL),
	(260, 'AI2-108', 'AVAILABLE', 2, NULL, NULL),
	(261, 'AI2-109', 'AVAILABLE', 2, NULL, NULL),
	(262, 'AI2-110', 'AVAILABLE', 2, NULL, NULL),
	(263, 'AI2-111', 'AVAILABLE', 2, NULL, NULL),
	(264, 'AI2-112', 'AVAILABLE', 2, NULL, NULL),
	(265, 'AI2-113', 'AVAILABLE', 2, NULL, NULL),
	(266, 'AI2-114', 'AVAILABLE', 2, NULL, NULL),
	(267, 'AI2-115', 'AVAILABLE', 2, NULL, NULL),
	(268, 'AI2-116', 'AVAILABLE', 2, NULL, NULL),
	(269, 'AI2-117', 'AVAILABLE', 2, NULL, NULL),
	(270, 'AI2-118', 'AVAILABLE', 2, NULL, NULL),
	(271, 'AI2-119', 'AVAILABLE', 2, NULL, NULL),
	(272, 'AI2-120', 'AVAILABLE', 2, NULL, NULL),
	(273, 'AI2-121', 'AVAILABLE', 2, NULL, NULL),
	(274, 'AI2-122', 'AVAILABLE', 2, NULL, NULL),
	(275, 'AI2-123', 'AVAILABLE', 2, NULL, NULL),
	(276, 'AI2-124', 'AVAILABLE', 2, NULL, NULL),
	(277, 'AI2-125', 'AVAILABLE', 2, NULL, NULL),
	(278, 'AI2-126', 'AVAILABLE', 2, NULL, NULL),
	(279, 'AI2-127', 'AVAILABLE', 2, NULL, NULL),
	(280, 'AI2-128', 'AVAILABLE', 2, NULL, NULL),
	(281, 'AI2-129', 'AVAILABLE', 2, NULL, NULL),
	(282, 'AI2-130', 'AVAILABLE', 2, NULL, NULL),
	(283, 'AI2-131', 'AVAILABLE', 2, NULL, NULL),
	(284, 'AI2-132', 'AVAILABLE', 2, NULL, NULL),
	(285, 'AI2-133', 'AVAILABLE', 2, NULL, NULL),
	(286, 'AI2-134', 'AVAILABLE', 2, NULL, NULL),
	(287, 'AI2-135', 'AVAILABLE', 2, NULL, NULL),
	(288, 'AI2-136', 'AVAILABLE', 2, NULL, NULL),
	(289, 'AI2-137', 'AVAILABLE', 2, NULL, NULL),
	(290, 'AI2-138', 'AVAILABLE', 2, NULL, NULL),
	(291, 'AI2-139', 'AVAILABLE', 2, NULL, NULL),
	(292, 'AI2-140', 'AVAILABLE', 2, NULL, NULL),
	(293, 'AI2-141', 'AVAILABLE', 2, NULL, NULL),
	(294, 'AI2-142', 'AVAILABLE', 2, NULL, NULL),
	(295, 'AI2-143', 'AVAILABLE', 2, NULL, NULL),
	(296, 'AI2-144', 'AVAILABLE', 2, NULL, NULL),
	(297, 'AI2-145', 'AVAILABLE', 2, NULL, NULL),
	(298, 'AI2-146', 'AVAILABLE', 2, NULL, NULL),
	(299, 'AI2-147', 'AVAILABLE', 2, NULL, NULL),
	(300, 'AI2-148', 'AVAILABLE', 2, NULL, NULL),
	(301, 'AI2-149', 'AVAILABLE', 2, NULL, NULL),
	(302, 'AI2-150', 'AVAILABLE', 2, NULL, NULL),
	(303, 'AI2-151', 'AVAILABLE', 2, NULL, NULL),
	(304, 'AI2-152', 'AVAILABLE', 2, NULL, NULL),
	(305, 'AI2-153', 'AVAILABLE', 2, NULL, NULL),
	(306, 'AI2-154', 'AVAILABLE', 2, NULL, NULL),
	(307, 'AI2-155', 'AVAILABLE', 2, NULL, NULL),
	(308, 'AI2-156', 'AVAILABLE', 2, NULL, NULL),
	(309, 'AI2-157', 'AVAILABLE', 2, NULL, NULL),
	(310, 'AI2-158', 'AVAILABLE', 2, NULL, NULL),
	(311, 'AI2-159', 'AVAILABLE', 2, NULL, NULL),
	(312, 'AI2-160', 'AVAILABLE', 2, NULL, NULL),
	(313, 'AI2-161', 'AVAILABLE', 2, NULL, NULL),
	(314, 'AI2-162', 'AVAILABLE', 2, NULL, NULL),
	(315, 'AI2-163', 'AVAILABLE', 2, NULL, NULL),
	(316, 'AI2-164', 'AVAILABLE', 2, NULL, NULL),
	(317, 'AI2-165', 'AVAILABLE', 2, NULL, NULL),
	(318, 'AI2-166', 'AVAILABLE', 2, NULL, NULL),
	(319, 'AI2-167', 'AVAILABLE', 2, NULL, NULL),
	(320, 'AI2-168', 'AVAILABLE', 2, NULL, NULL),
	(321, 'AI2-169', 'AVAILABLE', 2, NULL, NULL),
	(322, 'AI2-170', 'AVAILABLE', 2, NULL, NULL),
	(323, 'AI2-171', 'AVAILABLE', 2, NULL, NULL),
	(324, 'AI2-172', 'AVAILABLE', 2, NULL, NULL),
	(325, 'AI2-173', 'AVAILABLE', 2, NULL, NULL),
	(326, 'AI2-174', 'AVAILABLE', 2, NULL, NULL),
	(327, 'AI2-175', 'AVAILABLE', 2, NULL, NULL),
	(328, 'AI2-176', 'AVAILABLE', 2, NULL, NULL),
	(329, 'AI2-177', 'AVAILABLE', 2, NULL, NULL),
	(330, 'AI2-178', 'AVAILABLE', 2, NULL, NULL),
	(331, 'AI2-179', 'AVAILABLE', 2, NULL, NULL),
	(332, 'AI2-180', 'AVAILABLE', 2, NULL, NULL),
	(333, 'AI2-181', 'AVAILABLE', 2, NULL, NULL),
	(334, 'AI2-182', 'AVAILABLE', 2, NULL, NULL),
	(335, 'AI2-183', 'AVAILABLE', 2, NULL, NULL),
	(336, 'AI2-184', 'AVAILABLE', 2, NULL, NULL),
	(337, 'AI2-185', 'AVAILABLE', 2, NULL, NULL),
	(338, 'AI2-186', 'AVAILABLE', 2, NULL, NULL),
	(339, 'AI2-187', 'AVAILABLE', 2, NULL, NULL),
	(340, 'AI2-188', 'AVAILABLE', 2, NULL, NULL),
	(341, 'AI2-189', 'AVAILABLE', 2, NULL, NULL),
	(342, 'AI2-190', 'AVAILABLE', 2, NULL, NULL),
	(343, 'AI2-191', 'AVAILABLE', 2, NULL, NULL),
	(344, 'AI2-192', 'AVAILABLE', 2, NULL, NULL),
	(345, 'AI2-193', 'AVAILABLE', 2, NULL, NULL),
	(346, 'AI2-194', 'AVAILABLE', 2, NULL, NULL),
	(347, 'AI2-195', 'AVAILABLE', 2, NULL, NULL),
	(348, 'AI2-196', 'AVAILABLE', 2, NULL, NULL),
	(349, 'AI2-197', 'AVAILABLE', 2, NULL, NULL),
	(350, 'AI2-198', 'AVAILABLE', 2, NULL, NULL),
	(351, 'AI2-199', 'AVAILABLE', 2, NULL, NULL),
	(352, 'AI2-200', 'AVAILABLE', 2, NULL, NULL),
	(353, 'AI2-201', 'AVAILABLE', 2, NULL, NULL),
	(354, 'AI2-202', 'AVAILABLE', 2, NULL, NULL),
	(355, 'AI2-203', 'AVAILABLE', 2, NULL, NULL),
	(356, 'AI2-204', 'AVAILABLE', 2, NULL, NULL),
	(357, 'AI2-205', 'AVAILABLE', 2, NULL, NULL),
	(358, 'AI2-206', 'AVAILABLE', 2, NULL, NULL),
	(359, 'AI2-207', 'AVAILABLE', 2, NULL, NULL),
	(360, 'AI2-208', 'AVAILABLE', 2, NULL, NULL),
	(361, 'AI2-209', 'AVAILABLE', 2, NULL, NULL),
	(362, 'AI2-210', 'AVAILABLE', 2, NULL, NULL),
	(363, 'AI2-211', 'AVAILABLE', 2, NULL, NULL),
	(364, 'AI2-212', 'AVAILABLE', 2, NULL, NULL),
	(365, 'AI2-213', 'AVAILABLE', 2, NULL, NULL),
	(366, 'AI2-214', 'AVAILABLE', 2, NULL, NULL),
	(367, 'AI2-215', 'AVAILABLE', 2, NULL, NULL),
	(368, 'AI2-216', 'AVAILABLE', 2, NULL, NULL),
	(369, 'AI2-217', 'AVAILABLE', 2, NULL, NULL),
	(370, 'AI2-218', 'AVAILABLE', 2, NULL, NULL),
	(371, 'AI2-219', 'AVAILABLE', 2, NULL, NULL),
	(372, 'AI2-220', 'AVAILABLE', 2, NULL, NULL),
	(373, 'AI2-221', 'AVAILABLE', 2, NULL, NULL),
	(374, 'AI3-1', 'AVAILABLE', 3, NULL, NULL),
	(375, 'AI3-2', 'AVAILABLE', 3, NULL, NULL),
	(376, 'AI3-3', 'AVAILABLE', 3, NULL, NULL),
	(377, 'AI3-4', 'AVAILABLE', 3, NULL, NULL),
	(378, 'AI3-5', 'AVAILABLE', 3, NULL, NULL),
	(379, 'AI3-6', 'AVAILABLE', 3, NULL, NULL),
	(380, 'AI3-7', 'AVAILABLE', 3, NULL, NULL),
	(381, 'AI3-8', 'AVAILABLE', 3, NULL, NULL),
	(382, 'AI3-9', 'AVAILABLE', 3, NULL, NULL),
	(383, 'AI3-10', 'AVAILABLE', 3, NULL, NULL),
	(384, 'AI3-11', 'AVAILABLE', 3, NULL, NULL),
	(385, 'AI3-12', 'AVAILABLE', 3, NULL, NULL),
	(386, 'AI3-13', 'AVAILABLE', 3, NULL, NULL),
	(387, 'AI3-14', 'AVAILABLE', 3, NULL, NULL),
	(388, 'AI3-15', 'AVAILABLE', 3, NULL, NULL),
	(389, 'AI3-16', 'AVAILABLE', 3, NULL, NULL),
	(390, 'AI3-17', 'AVAILABLE', 3, NULL, NULL),
	(391, 'AI3-18', 'AVAILABLE', 3, NULL, NULL),
	(392, 'AI3-19', 'AVAILABLE', 3, NULL, NULL),
	(393, 'AI3-20', 'AVAILABLE', 3, NULL, NULL),
	(394, 'AI3-21', 'AVAILABLE', 3, NULL, NULL),
	(395, 'AI3-22', 'AVAILABLE', 3, NULL, NULL),
	(396, 'AI3-23', 'AVAILABLE', 3, NULL, NULL),
	(397, 'AI3-24', 'AVAILABLE', 3, NULL, NULL),
	(398, 'AI3-25', 'AVAILABLE', 3, NULL, NULL),
	(399, 'AI3-26', 'AVAILABLE', 3, NULL, NULL),
	(400, 'AI3-27', 'AVAILABLE', 3, NULL, NULL),
	(401, 'AI3-28', 'AVAILABLE', 3, NULL, NULL),
	(402, 'AI3-29', 'AVAILABLE', 3, NULL, NULL),
	(403, 'AI3-30', 'AVAILABLE', 3, NULL, NULL),
	(404, 'AI3-31', 'AVAILABLE', 3, NULL, NULL),
	(405, 'AI3-32', 'AVAILABLE', 3, NULL, NULL),
	(406, 'AI3-33', 'AVAILABLE', 3, NULL, NULL),
	(407, 'AI3-34', 'AVAILABLE', 3, NULL, NULL),
	(408, 'AI3-35', 'AVAILABLE', 3, NULL, NULL),
	(409, 'AI3-36', 'AVAILABLE', 3, NULL, NULL),
	(410, 'AI3-37', 'AVAILABLE', 3, NULL, NULL),
	(411, 'AI3-38', 'AVAILABLE', 3, NULL, NULL),
	(412, 'AI3-39', 'AVAILABLE', 3, NULL, NULL),
	(413, 'AI3-40', 'AVAILABLE', 3, NULL, NULL),
	(414, 'AI3-41', 'AVAILABLE', 3, NULL, NULL),
	(415, 'AI3-42', 'AVAILABLE', 3, NULL, NULL),
	(416, 'AI3-43', 'AVAILABLE', 3, NULL, NULL),
	(417, 'AI3-44', 'AVAILABLE', 3, NULL, NULL),
	(418, 'AI3-45', 'AVAILABLE', 3, NULL, NULL),
	(419, 'AI3-46', 'AVAILABLE', 3, NULL, NULL),
	(420, 'AI3-47', 'AVAILABLE', 3, NULL, NULL),
	(421, 'AI3-48', 'AVAILABLE', 3, NULL, NULL),
	(422, 'AI3-49', 'AVAILABLE', 3, NULL, NULL),
	(423, 'AI3-50', 'AVAILABLE', 3, NULL, NULL),
	(424, 'AI3-51', 'AVAILABLE', 3, NULL, NULL),
	(425, 'AI3-52', 'AVAILABLE', 3, NULL, NULL),
	(426, 'AI3-53', 'AVAILABLE', 3, NULL, NULL),
	(427, 'AI3-54', 'AVAILABLE', 3, NULL, NULL),
	(428, 'AI3-55', 'AVAILABLE', 3, NULL, NULL),
	(429, 'AI3-56', 'AVAILABLE', 3, NULL, NULL),
	(430, 'AI3-57', 'AVAILABLE', 3, NULL, NULL),
	(431, 'AI3-58', 'AVAILABLE', 3, NULL, NULL),
	(432, 'AI3-59', 'AVAILABLE', 3, NULL, NULL),
	(433, 'AI3-60', 'AVAILABLE', 3, NULL, NULL),
	(434, 'AI3-61', 'AVAILABLE', 3, NULL, NULL),
	(435, 'AI3-62', 'AVAILABLE', 3, NULL, NULL),
	(436, 'AI3-63', 'AVAILABLE', 3, NULL, NULL),
	(437, 'AI3-64', 'AVAILABLE', 3, NULL, NULL),
	(438, 'AI3-65', 'AVAILABLE', 3, NULL, NULL),
	(439, 'AI3-66', 'AVAILABLE', 3, NULL, NULL),
	(440, 'AI3-67', 'AVAILABLE', 3, NULL, NULL),
	(441, 'AI3-68', 'AVAILABLE', 3, NULL, NULL),
	(442, 'AI3-69', 'AVAILABLE', 3, NULL, NULL),
	(443, 'AI3-70', 'AVAILABLE', 3, NULL, NULL),
	(444, 'AI3-71', 'AVAILABLE', 3, NULL, NULL),
	(445, 'AI3-72', 'AVAILABLE', 3, NULL, NULL),
	(446, 'AI3-73', 'AVAILABLE', 3, NULL, NULL),
	(447, 'AI3-74', 'AVAILABLE', 3, NULL, NULL),
	(448, 'AI3-75', 'AVAILABLE', 3, NULL, NULL),
	(449, 'AI3-76', 'AVAILABLE', 3, NULL, NULL),
	(450, 'AI3-77', 'AVAILABLE', 3, NULL, NULL),
	(451, 'AI3-78', 'AVAILABLE', 3, NULL, NULL),
	(452, 'AI3-79', 'AVAILABLE', 3, NULL, NULL),
	(453, 'AI3-80', 'AVAILABLE', 3, NULL, NULL),
	(454, 'AI3-81', 'AVAILABLE', 3, NULL, NULL),
	(455, 'AI3-82', 'AVAILABLE', 3, NULL, NULL),
	(456, 'AI3-83', 'AVAILABLE', 3, NULL, NULL),
	(457, 'AI3-84', 'AVAILABLE', 3, NULL, NULL),
	(458, 'AI3-85', 'AVAILABLE', 3, NULL, NULL),
	(459, 'AI3-86', 'AVAILABLE', 3, NULL, NULL),
	(460, 'AI3-87', 'AVAILABLE', 3, NULL, NULL),
	(461, 'AI3-88', 'AVAILABLE', 3, NULL, NULL),
	(462, 'AI3-89', 'AVAILABLE', 3, NULL, NULL),
	(463, 'AI3-90', 'AVAILABLE', 3, NULL, NULL),
	(464, 'AI3-91', 'AVAILABLE', 3, NULL, NULL),
	(465, 'AI3-92', 'AVAILABLE', 3, NULL, NULL),
	(466, 'AI3-93', 'AVAILABLE', 3, NULL, NULL),
	(467, 'AI3-94', 'AVAILABLE', 3, NULL, NULL),
	(468, 'AI3-95', 'AVAILABLE', 3, NULL, NULL),
	(469, 'AI3-96', 'AVAILABLE', 3, NULL, NULL),
	(470, 'AI3-97', 'AVAILABLE', 3, NULL, NULL),
	(471, 'AI3-98', 'AVAILABLE', 3, NULL, NULL),
	(472, 'AI3-99', 'AVAILABLE', 3, NULL, NULL),
	(473, 'AI3-100', 'AVAILABLE', 3, NULL, NULL),
	(474, 'AI3-101', 'AVAILABLE', 3, NULL, NULL),
	(475, 'AI3-102', 'AVAILABLE', 3, NULL, NULL),
	(476, 'AI3-103', 'AVAILABLE', 3, NULL, NULL),
	(477, 'AI3-104', 'AVAILABLE', 3, NULL, NULL),
	(478, 'AI3-105', 'AVAILABLE', 3, NULL, NULL),
	(479, 'AI3-106', 'AVAILABLE', 3, NULL, NULL),
	(480, 'AI3-107', 'AVAILABLE', 3, NULL, NULL),
	(481, 'AI3-108', 'AVAILABLE', 3, NULL, NULL),
	(482, 'AI3-109', 'AVAILABLE', 3, NULL, NULL),
	(483, 'AI3-110', 'AVAILABLE', 3, NULL, NULL),
	(484, 'AI3-111', 'AVAILABLE', 3, NULL, NULL),
	(485, 'AI3-112', 'AVAILABLE', 3, NULL, NULL),
	(486, 'AI3-113', 'AVAILABLE', 3, NULL, NULL),
	(487, 'AI3-114', 'AVAILABLE', 3, NULL, NULL),
	(488, 'AI3-115', 'AVAILABLE', 3, NULL, NULL),
	(489, 'AI3-116', 'AVAILABLE', 3, NULL, NULL),
	(490, 'AI3-117', 'AVAILABLE', 3, NULL, NULL),
	(491, 'AI3-118', 'AVAILABLE', 3, NULL, NULL),
	(492, 'AI3-119', 'AVAILABLE', 3, NULL, NULL),
	(493, 'AI3-120', 'AVAILABLE', 3, NULL, NULL),
	(494, 'AI3-121', 'AVAILABLE', 3, NULL, NULL),
	(495, 'AI3-122', 'AVAILABLE', 3, NULL, NULL),
	(496, 'AI3-123', 'AVAILABLE', 3, NULL, NULL),
	(497, 'AI3-124', 'AVAILABLE', 3, NULL, NULL),
	(498, 'AI3-125', 'AVAILABLE', 3, NULL, NULL),
	(499, 'AI3-126', 'AVAILABLE', 3, NULL, NULL),
	(500, 'AI3-127', 'AVAILABLE', 3, NULL, NULL),
	(501, 'AI3-128', 'AVAILABLE', 3, NULL, NULL),
	(502, 'AI3-129', 'AVAILABLE', 3, NULL, NULL),
	(503, 'AI3-130', 'AVAILABLE', 3, NULL, NULL),
	(504, 'AI3-131', 'AVAILABLE', 3, NULL, NULL),
	(505, 'AI3-132', 'AVAILABLE', 3, NULL, NULL),
	(506, 'AI3-133', 'AVAILABLE', 3, NULL, NULL),
	(507, 'AI3-134', 'AVAILABLE', 3, NULL, NULL),
	(508, 'AI3-135', 'AVAILABLE', 3, NULL, NULL),
	(509, 'AI3-136', 'AVAILABLE', 3, NULL, NULL),
	(510, 'AI3-137', 'AVAILABLE', 3, NULL, NULL),
	(511, 'AI3-138', 'AVAILABLE', 3, NULL, NULL),
	(512, 'AI3-139', 'AVAILABLE', 3, NULL, NULL),
	(513, 'AI3-140', 'AVAILABLE', 3, NULL, NULL),
	(514, 'AI3-141', 'AVAILABLE', 3, NULL, NULL),
	(515, 'AI3-142', 'AVAILABLE', 3, NULL, NULL),
	(516, 'AI3-143', 'AVAILABLE', 3, NULL, NULL),
	(517, 'AI3-144', 'AVAILABLE', 3, NULL, NULL),
	(518, 'AI3-145', 'AVAILABLE', 3, NULL, NULL),
	(519, 'AI3-146', 'AVAILABLE', 3, NULL, NULL),
	(520, 'AI3-147', 'AVAILABLE', 3, NULL, NULL),
	(521, 'AI3-148', 'AVAILABLE', 3, NULL, NULL),
	(522, 'AI3-149', 'AVAILABLE', 3, NULL, NULL),
	(523, 'AI3-150', 'AVAILABLE', 3, NULL, NULL),
	(524, 'AI3-151', 'AVAILABLE', 3, NULL, NULL),
	(525, 'AI3-152', 'AVAILABLE', 3, NULL, NULL),
	(526, 'AI3-153', 'AVAILABLE', 3, NULL, NULL),
	(527, 'AI3-154', 'AVAILABLE', 3, NULL, NULL),
	(528, 'AI3-155', 'AVAILABLE', 3, NULL, NULL),
	(529, 'AI3-156', 'AVAILABLE', 3, NULL, NULL),
	(530, 'AI3-157', 'AVAILABLE', 3, NULL, NULL),
	(531, 'AI3-158', 'AVAILABLE', 3, NULL, NULL),
	(532, 'AI3-159', 'AVAILABLE', 3, NULL, NULL),
	(533, 'AI3-160', 'AVAILABLE', 3, NULL, NULL),
	(534, 'AI3-161', 'AVAILABLE', 3, NULL, NULL),
	(535, 'AI3-162', 'AVAILABLE', 3, NULL, NULL),
	(536, 'AI3-163', 'AVAILABLE', 3, NULL, NULL),
	(537, 'AI3-164', 'AVAILABLE', 3, NULL, NULL),
	(538, 'AI3-165', 'AVAILABLE', 3, NULL, NULL),
	(539, 'AI3-166', 'AVAILABLE', 3, NULL, NULL),
	(540, 'AI3-167', 'AVAILABLE', 3, NULL, NULL),
	(541, 'AI3-168', 'AVAILABLE', 3, NULL, NULL),
	(542, 'AI3-169', 'AVAILABLE', 3, NULL, NULL),
	(543, 'AI3-170', 'AVAILABLE', 3, NULL, NULL),
	(544, 'AI3-171', 'AVAILABLE', 3, NULL, NULL),
	(545, 'AI3-172', 'AVAILABLE', 3, NULL, NULL),
	(546, 'AI3-173', 'AVAILABLE', 3, NULL, NULL),
	(547, 'AI3-174', 'AVAILABLE', 3, NULL, NULL),
	(548, 'AI3-175', 'AVAILABLE', 3, NULL, NULL),
	(549, 'AI3-176', 'AVAILABLE', 3, NULL, NULL),
	(550, 'AI3-177', 'AVAILABLE', 3, NULL, NULL),
	(551, 'AI3-178', 'AVAILABLE', 3, NULL, NULL),
	(552, 'AI3-179', 'AVAILABLE', 3, NULL, NULL),
	(553, 'AI3-180', 'AVAILABLE', 3, NULL, NULL),
	(554, 'AI3-181', 'AVAILABLE', 3, NULL, NULL),
	(555, 'AI3-182', 'AVAILABLE', 3, NULL, NULL),
	(556, 'AI3-183', 'AVAILABLE', 3, NULL, NULL),
	(557, 'AI3-184', 'AVAILABLE', 3, NULL, NULL),
	(558, 'AI3-185', 'AVAILABLE', 3, NULL, NULL),
	(559, 'AI3-186', 'AVAILABLE', 3, NULL, NULL),
	(560, 'AI3-187', 'AVAILABLE', 3, NULL, NULL),
	(561, 'AI3-188', 'AVAILABLE', 3, NULL, NULL),
	(562, 'AI3-189', 'AVAILABLE', 3, NULL, NULL),
	(563, 'AI3-190', 'AVAILABLE', 3, NULL, NULL),
	(564, 'AI3-191', 'AVAILABLE', 3, NULL, NULL),
	(565, 'AI3-192', 'AVAILABLE', 3, NULL, NULL),
	(566, 'AI3-193', 'AVAILABLE', 3, NULL, NULL),
	(567, 'AI3-194', 'AVAILABLE', 3, NULL, NULL),
	(568, 'AI3-195', 'AVAILABLE', 3, NULL, NULL),
	(569, 'AI3-196', 'AVAILABLE', 3, NULL, NULL),
	(570, 'AI3-197', 'AVAILABLE', 3, NULL, NULL),
	(571, 'AI3-198', 'AVAILABLE', 3, NULL, NULL),
	(572, 'AI3-199', 'AVAILABLE', 3, NULL, NULL),
	(573, 'AI3-200', 'AVAILABLE', 3, NULL, NULL),
	(574, 'AI3-201', 'AVAILABLE', 3, NULL, NULL),
	(575, 'AI3-202', 'AVAILABLE', 3, NULL, NULL),
	(576, 'AI3-203', 'AVAILABLE', 3, NULL, NULL),
	(577, 'AI3-204', 'AVAILABLE', 3, NULL, NULL),
	(578, 'AI3-205', 'AVAILABLE', 3, NULL, NULL),
	(579, 'AI3-206', 'AVAILABLE', 3, NULL, NULL),
	(580, 'AI3-207', 'AVAILABLE', 3, NULL, NULL),
	(581, 'AI3-208', 'AVAILABLE', 3, NULL, NULL),
	(582, 'AI3-209', 'AVAILABLE', 3, NULL, NULL),
	(583, 'AI3-210', 'AVAILABLE', 3, NULL, NULL),
	(584, 'AI3-211', 'AVAILABLE', 3, NULL, NULL),
	(585, 'AI3-212', 'AVAILABLE', 3, NULL, NULL),
	(586, 'AI3-213', 'AVAILABLE', 3, NULL, NULL),
	(587, 'AI3-214', 'AVAILABLE', 3, NULL, NULL),
	(588, 'AI3-215', 'AVAILABLE', 3, NULL, NULL),
	(589, 'AI3-216', 'AVAILABLE', 3, NULL, NULL),
	(590, 'AI3-217', 'AVAILABLE', 3, NULL, NULL),
	(591, 'AI3-218', 'AVAILABLE', 3, NULL, NULL),
	(592, 'AI3-219', 'AVAILABLE', 3, NULL, NULL),
	(593, 'AI3-220', 'AVAILABLE', 3, NULL, NULL),
	(594, 'AI3-221', 'AVAILABLE', 3, NULL, NULL),
	(595, 'A-1', 'AVAILABLE', 4, NULL, NULL),
	(596, 'A-2', 'UNAVAILABLE', 4, NULL, '2022-11-19 07:35:42'),
	(597, 'A-3', 'AVAILABLE', 4, NULL, NULL),
	(598, 'A-4', 'UNAVAILABLE', 4, NULL, '2022-11-19 07:35:42'),
	(599, 'A-5', 'AVAILABLE', 4, NULL, NULL),
	(600, 'A-6', 'UNAVAILABLE', 4, NULL, '2022-11-19 07:35:42'),
	(601, 'A-7', 'AVAILABLE', 4, NULL, NULL),
	(602, 'A-8', 'AVAILABLE', 4, NULL, NULL),
	(603, 'A-9', 'AVAILABLE', 4, NULL, NULL),
	(604, 'A-10', 'AVAILABLE', 4, NULL, NULL),
	(605, 'A-11', 'AVAILABLE', 4, NULL, NULL),
	(606, 'A-12', 'AVAILABLE', 4, NULL, NULL),
	(607, 'A-13', 'AVAILABLE', 4, NULL, NULL),
	(608, 'A-14', 'AVAILABLE', 4, NULL, NULL),
	(609, 'A-15', 'AVAILABLE', 4, NULL, NULL),
	(610, 'A-16', 'AVAILABLE', 4, NULL, NULL),
	(611, 'A-17', 'AVAILABLE', 4, NULL, NULL),
	(612, 'A-18', 'AVAILABLE', 4, NULL, NULL),
	(613, 'A-19', 'AVAILABLE', 4, NULL, NULL),
	(614, 'A-20', 'AVAILABLE', 4, NULL, NULL),
	(615, 'A-21', 'AVAILABLE', 4, NULL, NULL),
	(616, 'A-22', 'AVAILABLE', 4, NULL, NULL),
	(617, 'A-23', 'AVAILABLE', 4, NULL, NULL),
	(618, 'A-24', 'AVAILABLE', 4, NULL, NULL),
	(619, 'A-25', 'AVAILABLE', 4, NULL, NULL),
	(620, 'A-26', 'AVAILABLE', 4, NULL, NULL),
	(621, 'A-27', 'AVAILABLE', 4, NULL, NULL),
	(622, 'A-28', 'AVAILABLE', 4, NULL, NULL),
	(623, 'A-29', 'AVAILABLE', 4, NULL, NULL),
	(624, 'A-30', 'AVAILABLE', 4, NULL, NULL),
	(625, 'A-31', 'AVAILABLE', 4, NULL, NULL),
	(626, 'A-32', 'AVAILABLE', 4, NULL, NULL),
	(627, 'A-33', 'AVAILABLE', 4, NULL, NULL),
	(628, 'A-34', 'AVAILABLE', 4, NULL, NULL),
	(629, 'A-35', 'AVAILABLE', 4, NULL, NULL),
	(630, 'A-36', 'AVAILABLE', 4, NULL, NULL),
	(631, 'A-37', 'AVAILABLE', 4, NULL, NULL),
	(632, 'A-38', 'AVAILABLE', 4, NULL, NULL),
	(633, 'A-39', 'AVAILABLE', 4, NULL, NULL),
	(634, 'A-40', 'AVAILABLE', 4, NULL, NULL),
	(635, 'A-41', 'AVAILABLE', 4, NULL, NULL),
	(636, 'A-42', 'AVAILABLE', 4, NULL, NULL),
	(637, 'A-43', 'AVAILABLE', 4, NULL, NULL),
	(638, 'A-44', 'AVAILABLE', 4, NULL, NULL),
	(639, 'A-45', 'AVAILABLE', 4, NULL, NULL),
	(640, 'A-46', 'AVAILABLE', 4, NULL, NULL),
	(641, 'A-47', 'AVAILABLE', 4, NULL, NULL),
	(642, 'A-48', 'AVAILABLE', 4, NULL, NULL),
	(643, 'A-49', 'AVAILABLE', 4, NULL, NULL),
	(644, 'A-50', 'AVAILABLE', 4, NULL, NULL),
	(645, 'A-51', 'AVAILABLE', 4, NULL, NULL),
	(646, 'A-52', 'AVAILABLE', 4, NULL, NULL),
	(647, 'A-53', 'AVAILABLE', 4, NULL, NULL),
	(648, 'A-54', 'AVAILABLE', 4, NULL, NULL),
	(649, 'A-55', 'AVAILABLE', 4, NULL, NULL),
	(650, 'A-56', 'AVAILABLE', 4, NULL, NULL),
	(651, 'A-57', 'AVAILABLE', 4, NULL, NULL),
	(652, 'A-58', 'AVAILABLE', 4, NULL, NULL),
	(653, 'A-59', 'AVAILABLE', 4, NULL, NULL),
	(654, 'A-60', 'AVAILABLE', 4, NULL, NULL),
	(655, 'A-61', 'AVAILABLE', 4, NULL, NULL),
	(656, 'A-62', 'AVAILABLE', 4, NULL, NULL),
	(657, 'A-63', 'AVAILABLE', 4, NULL, NULL),
	(658, 'A-64', 'AVAILABLE', 4, NULL, NULL),
	(659, 'A-65', 'AVAILABLE', 4, NULL, NULL),
	(660, 'A-66', 'AVAILABLE', 4, NULL, NULL),
	(661, 'A-67', 'AVAILABLE', 4, NULL, NULL),
	(662, 'A-68', 'AVAILABLE', 4, NULL, NULL),
	(663, 'A-69', 'AVAILABLE', 4, NULL, NULL),
	(664, 'A-70', 'AVAILABLE', 4, NULL, NULL),
	(665, 'A-71', 'AVAILABLE', 4, NULL, NULL),
	(666, 'A-72', 'AVAILABLE', 4, NULL, NULL),
	(667, 'A1-1', 'AVAILABLE', 5, NULL, NULL),
	(668, 'A1-2', 'AVAILABLE', 5, NULL, NULL),
	(669, 'A1-3', 'AVAILABLE', 5, NULL, NULL),
	(670, 'A1-4', 'AVAILABLE', 5, NULL, NULL),
	(671, 'A1-5', 'AVAILABLE', 5, NULL, NULL),
	(672, 'A1-6', 'AVAILABLE', 5, NULL, NULL),
	(673, 'A1-7', 'AVAILABLE', 5, NULL, NULL),
	(674, 'A1-8', 'AVAILABLE', 5, NULL, NULL),
	(675, 'A1-9', 'AVAILABLE', 5, NULL, NULL),
	(676, 'A1-10', 'AVAILABLE', 5, NULL, NULL),
	(677, 'A1-11', 'AVAILABLE', 5, NULL, NULL),
	(678, 'A1-12', 'AVAILABLE', 5, NULL, NULL),
	(679, 'A1-13', 'AVAILABLE', 5, NULL, NULL),
	(680, 'A1-14', 'AVAILABLE', 5, NULL, NULL),
	(681, 'A1-15', 'AVAILABLE', 5, NULL, NULL),
	(682, 'A1-16', 'AVAILABLE', 5, NULL, NULL),
	(683, 'A1-17', 'AVAILABLE', 5, NULL, NULL),
	(684, 'A1-18', 'AVAILABLE', 5, NULL, NULL),
	(685, 'A1-19', 'AVAILABLE', 5, NULL, NULL),
	(686, 'A1-20', 'AVAILABLE', 5, NULL, NULL),
	(687, 'A1-21', 'AVAILABLE', 5, NULL, NULL),
	(688, 'A1-22', 'AVAILABLE', 5, NULL, NULL),
	(689, 'A1-23', 'AVAILABLE', 5, NULL, NULL),
	(690, 'A1-24', 'AVAILABLE', 5, NULL, NULL),
	(691, 'A1-25', 'AVAILABLE', 5, NULL, NULL),
	(692, 'A1-26', 'AVAILABLE', 5, NULL, NULL),
	(693, 'A1-27', 'AVAILABLE', 5, NULL, NULL),
	(694, 'A1-28', 'AVAILABLE', 5, NULL, NULL),
	(695, 'A1-29', 'AVAILABLE', 5, NULL, NULL),
	(696, 'A1-30', 'AVAILABLE', 5, NULL, NULL),
	(697, 'A1-31', 'AVAILABLE', 5, NULL, NULL),
	(698, 'A1-32', 'AVAILABLE', 5, NULL, NULL),
	(699, 'A1-33', 'AVAILABLE', 5, NULL, NULL),
	(700, 'A1-34', 'AVAILABLE', 5, NULL, NULL),
	(701, 'A1-35', 'AVAILABLE', 5, NULL, NULL),
	(702, 'A1-36', 'AVAILABLE', 5, NULL, NULL),
	(703, 'A1-37', 'AVAILABLE', 5, NULL, NULL),
	(704, 'A1-38', 'AVAILABLE', 5, NULL, NULL),
	(705, 'A1-39', 'AVAILABLE', 5, NULL, NULL),
	(706, 'A1-40', 'AVAILABLE', 5, NULL, NULL),
	(707, 'A1-41', 'AVAILABLE', 5, NULL, NULL),
	(708, 'A1-42', 'AVAILABLE', 5, NULL, NULL),
	(709, 'A1-43', 'AVAILABLE', 5, NULL, NULL),
	(710, 'A1-44', 'AVAILABLE', 5, NULL, NULL),
	(711, 'A1-45', 'AVAILABLE', 5, NULL, NULL),
	(712, 'A1-46', 'AVAILABLE', 5, NULL, NULL),
	(713, 'A1-47', 'AVAILABLE', 5, NULL, NULL),
	(714, 'A1-48', 'AVAILABLE', 5, NULL, NULL),
	(715, 'A1-49', 'AVAILABLE', 5, NULL, NULL),
	(716, 'A1-50', 'AVAILABLE', 5, NULL, NULL),
	(717, 'A1-51', 'AVAILABLE', 5, NULL, NULL),
	(718, 'A1-52', 'AVAILABLE', 5, NULL, NULL),
	(719, 'A1-53', 'AVAILABLE', 5, NULL, NULL),
	(720, 'A1-54', 'AVAILABLE', 5, NULL, NULL),
	(721, 'A1-55', 'AVAILABLE', 5, NULL, NULL),
	(722, 'A1-56', 'AVAILABLE', 5, NULL, NULL),
	(723, 'A1-57', 'AVAILABLE', 5, NULL, NULL),
	(724, 'A1-58', 'AVAILABLE', 5, NULL, NULL),
	(725, 'A1-59', 'AVAILABLE', 5, NULL, NULL),
	(726, 'A1-60', 'AVAILABLE', 5, NULL, NULL),
	(727, 'A1-61', 'AVAILABLE', 5, NULL, NULL),
	(728, 'A1-62', 'AVAILABLE', 5, NULL, NULL),
	(729, 'A1-63', 'AVAILABLE', 5, NULL, NULL),
	(730, 'A1-64', 'AVAILABLE', 5, NULL, NULL),
	(731, 'A1-65', 'AVAILABLE', 5, NULL, NULL),
	(732, 'A1-66', 'AVAILABLE', 5, NULL, NULL),
	(733, 'A1-67', 'AVAILABLE', 5, NULL, NULL),
	(734, 'A1-68', 'AVAILABLE', 5, NULL, NULL),
	(735, 'A1-69', 'AVAILABLE', 5, NULL, NULL),
	(736, 'A1-70', 'AVAILABLE', 5, NULL, NULL),
	(737, 'A1-71', 'AVAILABLE', 5, NULL, NULL),
	(738, 'A1-72', 'AVAILABLE', 5, NULL, NULL),
	(739, 'A1-73', 'AVAILABLE', 5, NULL, NULL),
	(740, 'A1-74', 'AVAILABLE', 5, NULL, NULL),
	(741, 'A1-75', 'AVAILABLE', 5, NULL, NULL),
	(742, 'A1-76', 'AVAILABLE', 5, NULL, NULL),
	(743, 'A1-77', 'AVAILABLE', 5, NULL, NULL),
	(744, 'A1-78', 'AVAILABLE', 5, NULL, NULL),
	(745, 'A1-79', 'AVAILABLE', 5, NULL, NULL),
	(746, 'A1-80', 'AVAILABLE', 5, NULL, NULL),
	(747, 'A1-81', 'AVAILABLE', 5, NULL, NULL),
	(748, 'A1-82', 'AVAILABLE', 5, NULL, NULL),
	(749, 'A1-83', 'AVAILABLE', 5, NULL, NULL),
	(750, 'A1-84', 'AVAILABLE', 5, NULL, NULL),
	(751, 'A1-85', 'AVAILABLE', 5, NULL, NULL),
	(752, 'A1-86', 'AVAILABLE', 5, NULL, NULL),
	(753, 'A1-87', 'AVAILABLE', 5, NULL, NULL),
	(754, 'A1-88', 'AVAILABLE', 5, NULL, NULL),
	(755, 'A1-89', 'AVAILABLE', 5, NULL, NULL),
	(756, 'A1-90', 'AVAILABLE', 5, NULL, NULL),
	(757, 'A1-91', 'AVAILABLE', 5, NULL, NULL),
	(758, 'A1-92', 'AVAILABLE', 5, NULL, NULL),
	(759, 'A1-93', 'AVAILABLE', 5, NULL, NULL),
	(760, 'A1-94', 'AVAILABLE', 5, NULL, NULL),
	(761, 'A1-95', 'AVAILABLE', 5, NULL, NULL),
	(762, 'A1-96', 'AVAILABLE', 5, NULL, NULL),
	(763, 'A1-97', 'AVAILABLE', 5, NULL, NULL),
	(764, 'A1-98', 'AVAILABLE', 5, NULL, NULL),
	(765, 'A1-99', 'AVAILABLE', 5, NULL, NULL),
	(766, 'AI-153', 'AVAILABLE', 1, NULL, NULL),
	(767, 'A2-1', 'AVAILABLE', 6, NULL, NULL),
	(768, 'A2-2', 'AVAILABLE', 6, NULL, NULL),
	(769, 'A2-3', 'AVAILABLE', 6, NULL, NULL),
	(770, 'A2-4', 'AVAILABLE', 6, NULL, NULL),
	(771, 'A2-5', 'AVAILABLE', 6, NULL, NULL),
	(772, 'A2-6', 'AVAILABLE', 6, NULL, NULL),
	(773, 'A2-7', 'AVAILABLE', 6, NULL, NULL),
	(774, 'A2-8', 'AVAILABLE', 6, NULL, NULL),
	(775, 'A2-9', 'AVAILABLE', 6, NULL, NULL),
	(776, 'A2-10', 'AVAILABLE', 6, NULL, NULL),
	(777, 'A2-11', 'AVAILABLE', 6, NULL, NULL),
	(778, 'A2-12', 'AVAILABLE', 6, NULL, NULL),
	(779, 'A2-13', 'AVAILABLE', 6, NULL, NULL),
	(780, 'A2-14', 'AVAILABLE', 6, NULL, NULL),
	(781, 'A2-15', 'AVAILABLE', 6, NULL, NULL),
	(782, 'A2-16', 'AVAILABLE', 6, NULL, NULL),
	(783, 'A2-17', 'AVAILABLE', 6, NULL, NULL),
	(784, 'A2-18', 'AVAILABLE', 6, NULL, NULL),
	(785, 'A2-19', 'AVAILABLE', 6, NULL, NULL),
	(786, 'A2-20', 'AVAILABLE', 6, NULL, NULL),
	(787, 'A2-21', 'AVAILABLE', 6, NULL, NULL),
	(788, 'A2-22', 'AVAILABLE', 6, NULL, NULL),
	(789, 'A2-23', 'AVAILABLE', 6, NULL, NULL),
	(790, 'A2-24', 'AVAILABLE', 6, NULL, NULL),
	(791, 'A2-25', 'AVAILABLE', 6, NULL, NULL),
	(792, 'A2-26', 'AVAILABLE', 6, NULL, NULL),
	(793, 'A2-27', 'AVAILABLE', 6, NULL, NULL),
	(794, 'A2-28', 'AVAILABLE', 6, NULL, NULL),
	(795, 'A2-29', 'AVAILABLE', 6, NULL, NULL),
	(796, 'A2-30', 'AVAILABLE', 6, NULL, NULL),
	(797, 'A2-31', 'AVAILABLE', 6, NULL, NULL),
	(798, 'A2-32', 'AVAILABLE', 6, NULL, NULL),
	(799, 'A2-33', 'AVAILABLE', 6, NULL, NULL),
	(800, 'A2-34', 'AVAILABLE', 6, NULL, NULL),
	(801, 'A2-35', 'AVAILABLE', 6, NULL, NULL),
	(802, 'A2-36', 'AVAILABLE', 6, NULL, NULL),
	(803, 'A2-37', 'AVAILABLE', 6, NULL, NULL),
	(804, 'A2-38', 'AVAILABLE', 6, NULL, NULL),
	(805, 'A2-39', 'AVAILABLE', 6, NULL, NULL),
	(806, 'A2-40', 'AVAILABLE', 6, NULL, NULL),
	(807, 'A2-41', 'AVAILABLE', 6, NULL, NULL),
	(808, 'A2-42', 'AVAILABLE', 6, NULL, NULL),
	(809, 'A2-43', 'AVAILABLE', 6, NULL, NULL),
	(810, 'A2-44', 'AVAILABLE', 6, NULL, NULL),
	(811, 'A2-45', 'AVAILABLE', 6, NULL, NULL),
	(812, 'A2-46', 'AVAILABLE', 6, NULL, NULL),
	(813, 'A2-47', 'AVAILABLE', 6, NULL, NULL),
	(814, 'A2-48', 'AVAILABLE', 6, NULL, NULL),
	(815, 'A2-49', 'AVAILABLE', 6, NULL, NULL),
	(816, 'A2-50', 'AVAILABLE', 6, NULL, NULL),
	(817, 'A2-51', 'AVAILABLE', 6, NULL, NULL),
	(818, 'A2-52', 'AVAILABLE', 6, NULL, NULL),
	(819, 'A2-53', 'AVAILABLE', 6, NULL, NULL),
	(820, 'A2-54', 'AVAILABLE', 6, NULL, NULL),
	(821, 'A2-55', 'AVAILABLE', 6, NULL, NULL),
	(822, 'A2-56', 'AVAILABLE', 6, NULL, NULL),
	(823, 'A2-57', 'AVAILABLE', 6, NULL, NULL),
	(824, 'A2-58', 'AVAILABLE', 6, NULL, NULL),
	(825, 'A2-59', 'AVAILABLE', 6, NULL, NULL),
	(826, 'A2-60', 'AVAILABLE', 6, NULL, NULL),
	(827, 'A2-61', 'AVAILABLE', 6, NULL, NULL),
	(828, 'A2-62', 'AVAILABLE', 6, NULL, NULL),
	(829, 'A2-63', 'AVAILABLE', 6, NULL, NULL),
	(830, 'A2-64', 'AVAILABLE', 6, NULL, NULL),
	(831, 'A2-65', 'AVAILABLE', 6, NULL, NULL),
	(832, 'A2-66', 'AVAILABLE', 6, NULL, NULL),
	(833, 'A2-67', 'AVAILABLE', 6, NULL, NULL),
	(834, 'A2-68', 'AVAILABLE', 6, NULL, NULL),
	(835, 'A2-69', 'AVAILABLE', 6, NULL, NULL),
	(836, 'A2-70', 'AVAILABLE', 6, NULL, NULL),
	(837, 'A2-71', 'AVAILABLE', 6, NULL, NULL),
	(838, 'A2-72', 'AVAILABLE', 6, NULL, NULL),
	(839, 'A2-73', 'AVAILABLE', 6, NULL, NULL),
	(840, 'A2-74', 'AVAILABLE', 6, NULL, NULL),
	(841, 'A2-75', 'AVAILABLE', 6, NULL, NULL),
	(842, 'A2-76', 'AVAILABLE', 6, NULL, NULL),
	(843, 'A2-77', 'AVAILABLE', 6, NULL, NULL),
	(844, 'A2-78', 'AVAILABLE', 6, NULL, NULL),
	(845, 'A2-79', 'AVAILABLE', 6, NULL, NULL),
	(846, 'A2-80', 'AVAILABLE', 6, NULL, NULL),
	(847, 'A2-81', 'AVAILABLE', 6, NULL, NULL),
	(848, 'A2-82', 'AVAILABLE', 6, NULL, NULL),
	(849, 'A2-83', 'AVAILABLE', 6, NULL, NULL),
	(850, 'A2-84', 'AVAILABLE', 6, NULL, NULL),
	(851, 'A2-85', 'AVAILABLE', 6, NULL, NULL),
	(852, 'A2-86', 'AVAILABLE', 6, NULL, NULL),
	(853, 'A2-87', 'AVAILABLE', 6, NULL, NULL),
	(854, 'A2-88', 'AVAILABLE', 6, NULL, NULL),
	(855, 'A2-89', 'AVAILABLE', 6, NULL, NULL),
	(856, 'A2-90', 'AVAILABLE', 6, NULL, NULL),
	(857, 'A2-91', 'AVAILABLE', 6, NULL, NULL),
	(858, 'A2-92', 'AVAILABLE', 6, NULL, NULL),
	(859, 'A2-93', 'AVAILABLE', 6, NULL, NULL),
	(860, 'A2-94', 'AVAILABLE', 6, NULL, NULL),
	(861, 'A2-95', 'AVAILABLE', 6, NULL, NULL),
	(862, 'A2-96', 'AVAILABLE', 6, NULL, NULL),
	(863, 'A2-97', 'AVAILABLE', 6, NULL, NULL),
	(864, 'A2-98', 'AVAILABLE', 6, NULL, NULL),
	(865, 'A2-99', 'AVAILABLE', 6, NULL, NULL),
	(866, 'A2-100', 'AVAILABLE', 6, NULL, NULL),
	(867, 'A2-101', 'AVAILABLE', 6, NULL, NULL),
	(868, 'A2-102', 'AVAILABLE', 6, NULL, NULL),
	(869, 'B1-1', 'AVAILABLE', 7, NULL, NULL),
	(870, 'B1-2', 'AVAILABLE', 7, NULL, NULL),
	(871, 'B1-3', 'AVAILABLE', 7, NULL, NULL),
	(872, 'B1-4', 'AVAILABLE', 7, NULL, NULL),
	(873, 'B1-5', 'AVAILABLE', 7, NULL, NULL),
	(874, 'B1-6', 'AVAILABLE', 7, NULL, NULL),
	(875, 'B1-7', 'AVAILABLE', 7, NULL, NULL),
	(876, 'B1-8', 'AVAILABLE', 7, NULL, NULL),
	(877, 'B1-9', 'AVAILABLE', 7, NULL, NULL),
	(878, 'B1-10', 'AVAILABLE', 7, NULL, NULL),
	(879, 'B1-11', 'AVAILABLE', 7, NULL, NULL),
	(880, 'B1-12', 'AVAILABLE', 7, NULL, NULL),
	(881, 'B1-13', 'AVAILABLE', 7, NULL, NULL),
	(882, 'B1-14', 'AVAILABLE', 7, NULL, NULL),
	(883, 'B1-15', 'AVAILABLE', 7, NULL, NULL),
	(884, 'B1-16', 'AVAILABLE', 7, NULL, NULL),
	(885, 'B1-17', 'AVAILABLE', 7, NULL, NULL),
	(886, 'B1-18', 'AVAILABLE', 7, NULL, NULL),
	(887, 'B1-19', 'AVAILABLE', 7, NULL, NULL),
	(888, 'B1-20', 'AVAILABLE', 7, NULL, NULL),
	(889, 'B1-21', 'AVAILABLE', 7, NULL, NULL),
	(890, 'B1-22', 'AVAILABLE', 7, NULL, NULL),
	(891, 'B1-23', 'AVAILABLE', 7, NULL, NULL),
	(892, 'B1-24', 'AVAILABLE', 7, NULL, NULL),
	(893, 'B1-25', 'AVAILABLE', 7, NULL, NULL),
	(894, 'B1-26', 'AVAILABLE', 7, NULL, NULL),
	(895, 'B1-27', 'AVAILABLE', 7, NULL, NULL),
	(896, 'B1-28', 'AVAILABLE', 7, NULL, NULL),
	(897, 'B1-29', 'AVAILABLE', 7, NULL, NULL),
	(898, 'B1-30', 'AVAILABLE', 7, NULL, NULL),
	(899, 'B1-31', 'AVAILABLE', 7, NULL, NULL),
	(900, 'B1-32', 'AVAILABLE', 7, NULL, NULL),
	(901, 'B1-33', 'AVAILABLE', 7, NULL, NULL),
	(902, 'B1-34', 'AVAILABLE', 7, NULL, NULL),
	(903, 'B1-35', 'AVAILABLE', 7, NULL, NULL),
	(904, 'B1-36', 'AVAILABLE', 7, NULL, NULL),
	(905, 'B1-37', 'AVAILABLE', 7, NULL, NULL),
	(906, 'B1-38', 'AVAILABLE', 7, NULL, NULL),
	(907, 'B1-39', 'AVAILABLE', 7, NULL, NULL),
	(908, 'B1-40', 'AVAILABLE', 7, NULL, NULL),
	(909, 'B1-41', 'AVAILABLE', 7, NULL, NULL),
	(910, 'B1-42', 'AVAILABLE', 7, NULL, NULL),
	(911, 'B1-43', 'AVAILABLE', 7, NULL, NULL),
	(912, 'B1-44', 'AVAILABLE', 7, NULL, NULL),
	(913, 'B1-45', 'AVAILABLE', 7, NULL, NULL),
	(914, 'B1-46', 'AVAILABLE', 7, NULL, NULL),
	(915, 'B1-47', 'AVAILABLE', 7, NULL, NULL),
	(916, 'B1-48', 'AVAILABLE', 7, NULL, NULL),
	(917, 'B1-49', 'AVAILABLE', 7, NULL, NULL),
	(918, 'B1-50', 'AVAILABLE', 7, NULL, NULL),
	(919, 'B1-51', 'AVAILABLE', 7, NULL, NULL),
	(920, 'B1-52', 'AVAILABLE', 7, NULL, NULL),
	(921, 'B1-53', 'AVAILABLE', 7, NULL, NULL),
	(922, 'B1-54', 'AVAILABLE', 7, NULL, NULL),
	(923, 'B1-55', 'AVAILABLE', 7, NULL, NULL),
	(924, 'B1-56', 'AVAILABLE', 7, NULL, NULL),
	(925, 'B1-57', 'AVAILABLE', 7, NULL, NULL),
	(926, 'B1-58', 'AVAILABLE', 7, NULL, NULL),
	(927, 'B1-59', 'AVAILABLE', 7, NULL, NULL),
	(928, 'B1-60', 'AVAILABLE', 7, NULL, NULL),
	(929, 'B1-61', 'AVAILABLE', 7, NULL, NULL),
	(930, 'B1-62', 'AVAILABLE', 7, NULL, NULL),
	(931, 'B1-63', 'AVAILABLE', 7, NULL, NULL),
	(932, 'B1-64', 'AVAILABLE', 7, NULL, NULL),
	(933, 'B1-65', 'AVAILABLE', 7, NULL, NULL),
	(934, 'B1-66', 'AVAILABLE', 7, NULL, NULL),
	(935, 'B1-67', 'AVAILABLE', 7, NULL, NULL),
	(936, 'B1-68', 'AVAILABLE', 7, NULL, NULL),
	(937, 'B1-69', 'AVAILABLE', 7, NULL, NULL),
	(938, 'B1-70', 'AVAILABLE', 7, NULL, NULL),
	(939, 'B1-71', 'AVAILABLE', 7, NULL, NULL),
	(940, 'B1-72', 'AVAILABLE', 7, NULL, NULL),
	(941, 'B1-73', 'AVAILABLE', 7, NULL, NULL),
	(942, 'B1-74', 'AVAILABLE', 7, NULL, NULL),
	(943, 'B1-75', 'AVAILABLE', 7, NULL, NULL),
	(944, 'B1-76', 'AVAILABLE', 7, NULL, NULL),
	(945, 'B1-77', 'AVAILABLE', 7, NULL, NULL),
	(946, 'B1-78', 'AVAILABLE', 7, NULL, NULL),
	(947, 'B1-79', 'AVAILABLE', 7, NULL, NULL),
	(948, 'B1-80', 'AVAILABLE', 7, NULL, NULL),
	(949, 'B1-81', 'AVAILABLE', 7, NULL, NULL),
	(950, 'B1-82', 'AVAILABLE', 7, NULL, NULL),
	(951, 'B1-83', 'AVAILABLE', 7, NULL, NULL),
	(952, 'B1-84', 'AVAILABLE', 7, NULL, NULL),
	(953, 'B1-85', 'AVAILABLE', 7, NULL, NULL),
	(954, 'B1-86', 'AVAILABLE', 7, NULL, NULL),
	(955, 'B1-87', 'AVAILABLE', 7, NULL, NULL),
	(956, 'B1-88', 'AVAILABLE', 7, NULL, NULL),
	(957, 'B1-89', 'AVAILABLE', 7, NULL, NULL),
	(958, 'B1-90', 'AVAILABLE', 7, NULL, NULL),
	(959, 'B1-91', 'AVAILABLE', 7, NULL, NULL),
	(960, 'B1-92', 'AVAILABLE', 7, NULL, NULL),
	(961, 'B1-93', 'AVAILABLE', 7, NULL, NULL),
	(962, 'B1-94', 'AVAILABLE', 7, NULL, NULL),
	(963, 'B1-95', 'AVAILABLE', 7, NULL, NULL),
	(964, 'B1-96', 'AVAILABLE', 7, NULL, NULL),
	(965, 'B1-97', 'AVAILABLE', 7, NULL, NULL),
	(966, 'B1-98', 'AVAILABLE', 7, NULL, NULL),
	(967, 'B1-99', 'AVAILABLE', 7, NULL, NULL),
	(968, 'B1-100', 'AVAILABLE', 7, NULL, NULL),
	(969, 'B1-101', 'AVAILABLE', 7, NULL, NULL),
	(970, 'B1-102', 'AVAILABLE', 7, NULL, NULL),
	(971, 'B1-103', 'AVAILABLE', 7, NULL, NULL),
	(972, 'B1-104', 'AVAILABLE', 7, NULL, NULL),
	(973, 'B1-105', 'AVAILABLE', 7, NULL, NULL),
	(974, 'B1-106', 'AVAILABLE', 7, NULL, NULL),
	(975, 'B1-107', 'AVAILABLE', 7, NULL, NULL),
	(976, 'B1-108', 'AVAILABLE', 7, NULL, NULL),
	(977, 'B1-109', 'AVAILABLE', 7, NULL, NULL),
	(978, 'B1-110', 'AVAILABLE', 7, NULL, NULL),
	(979, 'B1-111', 'AVAILABLE', 7, NULL, NULL),
	(980, 'B1-112', 'AVAILABLE', 7, NULL, NULL),
	(981, 'B1-113', 'AVAILABLE', 7, NULL, NULL),
	(982, 'B1-114', 'AVAILABLE', 7, NULL, NULL),
	(983, 'B1-115', 'AVAILABLE', 7, NULL, NULL),
	(984, 'B1-116', 'AVAILABLE', 7, NULL, NULL),
	(985, 'B1-117', 'AVAILABLE', 7, NULL, NULL),
	(986, 'B1-118', 'AVAILABLE', 7, NULL, NULL),
	(987, 'B1-119', 'AVAILABLE', 7, NULL, NULL),
	(988, 'B1-120', 'AVAILABLE', 7, NULL, NULL),
	(989, 'B1-121', 'AVAILABLE', 7, NULL, NULL),
	(990, 'B1-122', 'AVAILABLE', 7, NULL, NULL),
	(991, 'B1-123', 'AVAILABLE', 7, NULL, NULL),
	(992, 'B1-124', 'AVAILABLE', 7, NULL, NULL),
	(993, 'B1-125', 'AVAILABLE', 7, NULL, NULL),
	(994, 'B1-126', 'AVAILABLE', 7, NULL, NULL),
	(995, 'B1-127', 'AVAILABLE', 7, NULL, NULL),
	(996, 'B1-128', 'AVAILABLE', 7, NULL, NULL),
	(997, 'B1-129', 'AVAILABLE', 7, NULL, NULL),
	(998, 'B1-130', 'AVAILABLE', 7, NULL, NULL),
	(999, 'B1-131', 'AVAILABLE', 7, NULL, NULL),
	(1000, 'B1-132', 'AVAILABLE', 7, NULL, NULL),
	(1001, 'B1-133', 'AVAILABLE', 7, NULL, NULL),
	(1002, 'B1-134', 'AVAILABLE', 7, NULL, NULL),
	(1003, 'B1-135', 'AVAILABLE', 7, NULL, NULL),
	(1004, 'B1-136', 'AVAILABLE', 7, NULL, NULL),
	(1005, 'B1-137', 'AVAILABLE', 7, NULL, NULL),
	(1006, 'B1-138', 'AVAILABLE', 7, NULL, NULL),
	(1007, 'B1-139', 'AVAILABLE', 7, NULL, NULL),
	(1008, 'B1-140', 'AVAILABLE', 7, NULL, NULL),
	(1009, 'B1-141', 'AVAILABLE', 7, NULL, NULL),
	(1010, 'B1-142', 'AVAILABLE', 7, NULL, NULL),
	(1011, 'B1-143', 'AVAILABLE', 7, NULL, NULL),
	(1012, 'B1-144', 'AVAILABLE', 7, NULL, NULL),
	(1013, 'B1-145', 'AVAILABLE', 7, NULL, NULL),
	(1014, 'B1-146', 'AVAILABLE', 7, NULL, NULL),
	(1015, 'B1-147', 'AVAILABLE', 7, NULL, NULL),
	(1016, 'B1-148', 'AVAILABLE', 7, NULL, NULL),
	(1017, 'B1-149', 'AVAILABLE', 7, NULL, NULL),
	(1018, 'B1-150', 'AVAILABLE', 7, NULL, NULL),
	(1019, 'B1-151', 'AVAILABLE', 7, NULL, NULL),
	(1020, 'B1-152', 'AVAILABLE', 7, NULL, NULL),
	(1021, 'B1-153', 'AVAILABLE', 7, NULL, NULL),
	(1022, 'B1-154', 'AVAILABLE', 7, NULL, NULL),
	(1023, 'B1-155', 'AVAILABLE', 7, NULL, NULL),
	(1024, 'B1-156', 'AVAILABLE', 7, NULL, NULL),
	(1025, 'B1-157', 'AVAILABLE', 7, NULL, NULL),
	(1026, 'B1-158', 'AVAILABLE', 7, NULL, NULL),
	(1027, 'B1-159', 'AVAILABLE', 7, NULL, NULL),
	(1028, 'B1-160', 'AVAILABLE', 7, NULL, NULL),
	(1029, 'B1-161', 'AVAILABLE', 7, NULL, NULL),
	(1030, 'B1-162', 'AVAILABLE', 7, NULL, NULL),
	(1031, 'B1-163', 'AVAILABLE', 7, NULL, NULL),
	(1032, 'B1-164', 'AVAILABLE', 7, NULL, NULL),
	(1033, 'B1-165', 'AVAILABLE', 7, NULL, NULL),
	(1034, 'B1-166', 'AVAILABLE', 7, NULL, NULL),
	(1035, 'B1-167', 'AVAILABLE', 7, NULL, NULL),
	(1036, 'B1-168', 'AVAILABLE', 7, NULL, NULL),
	(1037, 'B1-169', 'AVAILABLE', 7, NULL, NULL),
	(1038, 'B1-170', 'AVAILABLE', 7, NULL, NULL),
	(1039, 'B1-171', 'AVAILABLE', 7, NULL, NULL),
	(1040, 'B1-172', 'AVAILABLE', 7, NULL, NULL),
	(1041, 'B1-173', 'AVAILABLE', 7, NULL, NULL),
	(1042, 'B1-174', 'AVAILABLE', 7, NULL, NULL),
	(1043, 'B1-175', 'AVAILABLE', 7, NULL, NULL),
	(1044, 'B1-176', 'AVAILABLE', 7, NULL, NULL),
	(1045, 'B1-177', 'AVAILABLE', 7, NULL, NULL),
	(1046, 'B1-178', 'AVAILABLE', 7, NULL, NULL),
	(1047, 'B1-179', 'AVAILABLE', 7, NULL, NULL),
	(1048, 'B1-180', 'AVAILABLE', 7, NULL, NULL),
	(1049, 'B1-181', 'AVAILABLE', 7, NULL, NULL),
	(1050, 'B1-182', 'AVAILABLE', 7, NULL, NULL),
	(1051, 'B1-183', 'AVAILABLE', 7, NULL, NULL),
	(1052, 'B1-184', 'AVAILABLE', 7, NULL, NULL),
	(1053, 'B1-185', 'AVAILABLE', 7, NULL, NULL),
	(1054, 'B1-186', 'AVAILABLE', 7, NULL, NULL),
	(1055, 'B1-187', 'AVAILABLE', 7, NULL, NULL),
	(1056, 'B1-188', 'AVAILABLE', 7, NULL, NULL),
	(1057, 'B1-189', 'AVAILABLE', 7, NULL, NULL),
	(1058, 'B1-190', 'AVAILABLE', 7, NULL, NULL),
	(1059, 'B1-191', 'AVAILABLE', 7, NULL, NULL),
	(1060, 'B1-192', 'AVAILABLE', 7, NULL, NULL),
	(1061, 'B1-193', 'AVAILABLE', 7, NULL, NULL),
	(1062, 'B1-194', 'AVAILABLE', 7, NULL, NULL),
	(1063, 'B1-195', 'AVAILABLE', 7, NULL, NULL),
	(1064, 'B1-196', 'AVAILABLE', 7, NULL, NULL),
	(1065, 'B1-197', 'AVAILABLE', 7, NULL, NULL),
	(1066, 'B1-198', 'AVAILABLE', 7, NULL, NULL),
	(1067, 'B1-199', 'AVAILABLE', 7, NULL, NULL),
	(1068, 'B1-200', 'AVAILABLE', 7, NULL, NULL),
	(1069, 'B1-201', 'AVAILABLE', 7, NULL, NULL),
	(1070, 'B1-202', 'AVAILABLE', 7, NULL, NULL),
	(1071, 'B1-203', 'AVAILABLE', 7, NULL, NULL),
	(1072, 'B1-204', 'AVAILABLE', 7, NULL, NULL),
	(1073, 'B1-205', 'AVAILABLE', 7, NULL, NULL),
	(1074, 'B1-206', 'AVAILABLE', 7, NULL, NULL),
	(1075, 'B1-207', 'AVAILABLE', 7, NULL, NULL),
	(1076, 'B1-208', 'AVAILABLE', 7, NULL, NULL),
	(1077, 'B1-209', 'AVAILABLE', 7, NULL, NULL),
	(1078, 'B1-210', 'AVAILABLE', 7, NULL, NULL),
	(1079, 'B1-211', 'AVAILABLE', 7, NULL, NULL),
	(1080, 'B1-212', 'AVAILABLE', 7, NULL, NULL),
	(1081, 'B1-213', 'AVAILABLE', 7, NULL, NULL),
	(1082, 'B1-214', 'AVAILABLE', 7, NULL, NULL),
	(1083, 'B1-215', 'AVAILABLE', 7, NULL, NULL),
	(1084, 'B1-216', 'AVAILABLE', 7, NULL, NULL),
	(1085, 'B1-217', 'AVAILABLE', 7, NULL, NULL),
	(1086, 'B1-218', 'AVAILABLE', 7, NULL, NULL),
	(1087, 'B1-219', 'AVAILABLE', 7, NULL, NULL),
	(1088, 'B1-220', 'AVAILABLE', 7, NULL, NULL),
	(1089, 'B1-221', 'AVAILABLE', 7, NULL, NULL),
	(1090, 'B1-222', 'AVAILABLE', 7, NULL, NULL),
	(1091, 'B1-223', 'AVAILABLE', 7, NULL, NULL),
	(1092, 'B1-224', 'AVAILABLE', 7, NULL, NULL),
	(1093, 'B1-225', 'AVAILABLE', 7, NULL, NULL),
	(1094, 'B1-226', 'AVAILABLE', 7, NULL, NULL),
	(1095, 'B1-227', 'AVAILABLE', 7, NULL, NULL),
	(1096, 'B1-228', 'AVAILABLE', 7, NULL, NULL),
	(1097, 'B1-229', 'AVAILABLE', 7, NULL, NULL),
	(1098, 'B1-230', 'AVAILABLE', 7, NULL, NULL),
	(1099, 'B1-231', 'AVAILABLE', 7, NULL, NULL),
	(1100, 'B1-232', 'AVAILABLE', 7, NULL, NULL),
	(1101, 'B1-233', 'AVAILABLE', 7, NULL, NULL),
	(1102, 'B1-234', 'AVAILABLE', 7, NULL, NULL),
	(1103, 'B1-235', 'AVAILABLE', 7, NULL, NULL),
	(1104, 'B1-236', 'AVAILABLE', 7, NULL, NULL),
	(1105, 'B1-237', 'AVAILABLE', 7, NULL, NULL),
	(1106, 'B1-238', 'AVAILABLE', 7, NULL, NULL),
	(1107, 'B1-239', 'AVAILABLE', 7, NULL, NULL),
	(1108, 'B1-240', 'AVAILABLE', 7, NULL, NULL),
	(1109, 'B1-241', 'AVAILABLE', 7, NULL, NULL),
	(1110, 'B1-242', 'AVAILABLE', 7, NULL, NULL),
	(1111, 'B1-243', 'AVAILABLE', 7, NULL, NULL),
	(1112, 'B1-244', 'AVAILABLE', 7, NULL, NULL),
	(1113, 'B1-245', 'AVAILABLE', 7, NULL, NULL),
	(1114, 'B1-246', 'AVAILABLE', 7, NULL, NULL),
	(1115, 'B1-247', 'AVAILABLE', 7, NULL, NULL),
	(1116, 'B1-248', 'AVAILABLE', 7, NULL, NULL),
	(1117, 'B1-249', 'AVAILABLE', 7, NULL, NULL),
	(1118, 'B1-250', 'AVAILABLE', 7, NULL, NULL),
	(1119, 'B1-251', 'AVAILABLE', 7, NULL, NULL),
	(1120, 'B1-252', 'AVAILABLE', 7, NULL, NULL),
	(1121, 'B1-253', 'AVAILABLE', 7, NULL, NULL),
	(1122, 'B1-254', 'AVAILABLE', 7, NULL, NULL),
	(1123, 'B1-255', 'AVAILABLE', 7, NULL, NULL),
	(1124, 'B1-256', 'AVAILABLE', 7, NULL, NULL),
	(1125, 'B1-257', 'AVAILABLE', 7, NULL, NULL),
	(1126, 'B1-258', 'AVAILABLE', 7, NULL, NULL),
	(1127, 'B1-259', 'AVAILABLE', 7, NULL, NULL),
	(1128, 'B1-260', 'AVAILABLE', 7, NULL, NULL),
	(1129, 'B1-261', 'AVAILABLE', 7, NULL, NULL),
	(1130, 'B1-262', 'AVAILABLE', 7, NULL, NULL),
	(1131, 'B1-263', 'AVAILABLE', 7, NULL, NULL),
	(1132, 'B1-264', 'AVAILABLE', 7, NULL, NULL),
	(1133, 'B1-265', 'AVAILABLE', 7, NULL, NULL),
	(1134, 'B1-266', 'AVAILABLE', 7, NULL, NULL),
	(1135, 'B1-267', 'AVAILABLE', 7, NULL, NULL),
	(1136, 'B1-268', 'AVAILABLE', 7, NULL, NULL),
	(1137, 'B1-269', 'AVAILABLE', 7, NULL, NULL),
	(1138, 'B1-270', 'AVAILABLE', 7, NULL, NULL),
	(1139, 'B1-271', 'AVAILABLE', 7, NULL, NULL),
	(1140, 'B1-272', 'AVAILABLE', 7, NULL, NULL),
	(1141, 'B1-273', 'AVAILABLE', 7, NULL, NULL),
	(1142, 'B1-274', 'AVAILABLE', 7, NULL, NULL),
	(1143, 'B1-275', 'AVAILABLE', 7, NULL, NULL),
	(1144, 'B1-276', 'AVAILABLE', 7, NULL, NULL),
	(1145, 'B1-277', 'AVAILABLE', 7, NULL, NULL),
	(1146, 'B1-278', 'AVAILABLE', 7, NULL, NULL),
	(1147, 'B1-279', 'AVAILABLE', 7, NULL, NULL),
	(1148, 'B1-280', 'AVAILABLE', 7, NULL, NULL),
	(1149, 'B1-281', 'AVAILABLE', 7, NULL, NULL),
	(1150, 'B1-282', 'AVAILABLE', 7, NULL, NULL),
	(1151, 'B1-283', 'AVAILABLE', 7, NULL, NULL),
	(1152, 'B1-284', 'AVAILABLE', 7, NULL, NULL),
	(1153, 'B1-285', 'AVAILABLE', 7, NULL, NULL),
	(1154, 'B1-286', 'AVAILABLE', 7, NULL, NULL),
	(1155, 'B1-287', 'AVAILABLE', 7, NULL, NULL),
	(1156, 'B1-288', 'AVAILABLE', 7, NULL, NULL),
	(1157, 'B1-289', 'AVAILABLE', 7, NULL, NULL),
	(1158, 'B1-290', 'AVAILABLE', 7, NULL, NULL),
	(1159, 'B1-291', 'AVAILABLE', 7, NULL, NULL),
	(1160, 'B1-292', 'AVAILABLE', 7, NULL, NULL),
	(1161, 'B1-293', 'AVAILABLE', 7, NULL, NULL),
	(1162, 'B1-294', 'AVAILABLE', 7, NULL, NULL),
	(1163, 'B1-295', 'AVAILABLE', 7, NULL, NULL),
	(1164, 'B1-296', 'AVAILABLE', 7, NULL, NULL),
	(1165, 'B1-297', 'AVAILABLE', 7, NULL, NULL),
	(1166, 'B1-298', 'AVAILABLE', 7, NULL, NULL),
	(1167, 'B1-299', 'AVAILABLE', 7, NULL, NULL),
	(1168, 'B1-300', 'AVAILABLE', 7, NULL, NULL),
	(1169, 'B1-301', 'AVAILABLE', 7, NULL, NULL),
	(1170, 'B1-302', 'AVAILABLE', 7, NULL, NULL),
	(1171, 'B1-303', 'AVAILABLE', 7, NULL, NULL),
	(1172, 'B1-304', 'AVAILABLE', 7, NULL, NULL),
	(1173, 'B1-305', 'AVAILABLE', 7, NULL, NULL),
	(1174, 'B1-306', 'AVAILABLE', 7, NULL, NULL),
	(1175, 'B1-307', 'AVAILABLE', 7, NULL, NULL),
	(1176, 'B1-308', 'AVAILABLE', 7, NULL, NULL),
	(1177, 'B1-309', 'AVAILABLE', 7, NULL, NULL),
	(1178, 'B1-310', 'AVAILABLE', 7, NULL, NULL),
	(1179, 'B1-311', 'AVAILABLE', 7, NULL, NULL),
	(1180, 'B1-312', 'AVAILABLE', 7, NULL, NULL),
	(1181, 'B2-1', 'AVAILABLE', 8, NULL, NULL),
	(1182, 'B2-2', 'AVAILABLE', 8, NULL, NULL),
	(1183, 'B2-3', 'AVAILABLE', 8, NULL, NULL),
	(1184, 'B2-4', 'AVAILABLE', 8, NULL, NULL),
	(1185, 'B2-5', 'AVAILABLE', 8, NULL, NULL),
	(1186, 'B2-6', 'AVAILABLE', 8, NULL, NULL),
	(1187, 'B2-7', 'AVAILABLE', 8, NULL, NULL),
	(1188, 'B2-8', 'AVAILABLE', 8, NULL, NULL),
	(1189, 'B2-9', 'AVAILABLE', 8, NULL, NULL),
	(1190, 'B2-10', 'AVAILABLE', 8, NULL, NULL),
	(1191, 'B2-11', 'AVAILABLE', 8, NULL, NULL),
	(1192, 'B2-12', 'AVAILABLE', 8, NULL, NULL),
	(1193, 'B2-13', 'AVAILABLE', 8, NULL, NULL),
	(1194, 'B2-14', 'AVAILABLE', 8, NULL, NULL),
	(1195, 'B2-15', 'AVAILABLE', 8, NULL, NULL),
	(1196, 'B2-16', 'AVAILABLE', 8, NULL, NULL),
	(1197, 'B2-17', 'AVAILABLE', 8, NULL, NULL),
	(1198, 'B2-18', 'AVAILABLE', 8, NULL, NULL),
	(1199, 'B2-19', 'AVAILABLE', 8, NULL, NULL),
	(1200, 'B2-20', 'AVAILABLE', 8, NULL, NULL),
	(1201, 'B2-21', 'AVAILABLE', 8, NULL, NULL),
	(1202, 'B2-22', 'AVAILABLE', 8, NULL, NULL),
	(1203, 'B2-23', 'AVAILABLE', 8, NULL, NULL),
	(1204, 'B2-24', 'AVAILABLE', 8, NULL, NULL),
	(1205, 'B2-25', 'AVAILABLE', 8, NULL, NULL),
	(1206, 'B2-26', 'AVAILABLE', 8, NULL, NULL),
	(1207, 'B2-27', 'AVAILABLE', 8, NULL, NULL),
	(1208, 'B2-28', 'AVAILABLE', 8, NULL, NULL),
	(1209, 'B2-29', 'AVAILABLE', 8, NULL, NULL),
	(1210, 'B2-30', 'AVAILABLE', 8, NULL, NULL),
	(1211, 'B2-31', 'AVAILABLE', 8, NULL, NULL),
	(1212, 'B2-32', 'AVAILABLE', 8, NULL, NULL),
	(1213, 'B2-33', 'AVAILABLE', 8, NULL, NULL),
	(1214, 'B2-34', 'AVAILABLE', 8, NULL, NULL),
	(1215, 'B2-35', 'AVAILABLE', 8, NULL, NULL),
	(1216, 'B2-36', 'AVAILABLE', 8, NULL, NULL),
	(1217, 'B2-37', 'AVAILABLE', 8, NULL, NULL),
	(1218, 'B2-38', 'AVAILABLE', 8, NULL, NULL),
	(1219, 'B2-39', 'AVAILABLE', 8, NULL, NULL),
	(1220, 'B2-40', 'AVAILABLE', 8, NULL, NULL),
	(1221, 'B2-41', 'AVAILABLE', 8, NULL, NULL),
	(1222, 'B2-42', 'AVAILABLE', 8, NULL, NULL),
	(1223, 'B2-43', 'AVAILABLE', 8, NULL, NULL),
	(1224, 'B2-44', 'AVAILABLE', 8, NULL, NULL),
	(1225, 'B2-45', 'AVAILABLE', 8, NULL, NULL),
	(1226, 'B2-46', 'AVAILABLE', 8, NULL, NULL),
	(1227, 'B2-47', 'AVAILABLE', 8, NULL, NULL),
	(1228, 'B2-48', 'AVAILABLE', 8, NULL, NULL),
	(1229, 'B2-49', 'AVAILABLE', 8, NULL, NULL),
	(1230, 'B2-50', 'AVAILABLE', 8, NULL, NULL),
	(1231, 'B2-51', 'AVAILABLE', 8, NULL, NULL),
	(1232, 'B2-52', 'AVAILABLE', 8, NULL, NULL),
	(1233, 'B2-53', 'AVAILABLE', 8, NULL, NULL),
	(1234, 'B2-54', 'AVAILABLE', 8, NULL, NULL),
	(1235, 'B2-55', 'AVAILABLE', 8, NULL, NULL),
	(1236, 'B2-56', 'AVAILABLE', 8, NULL, NULL),
	(1237, 'B2-57', 'AVAILABLE', 8, NULL, NULL),
	(1238, 'B2-58', 'AVAILABLE', 8, NULL, NULL),
	(1239, 'B2-59', 'AVAILABLE', 8, NULL, NULL),
	(1240, 'B2-60', 'AVAILABLE', 8, NULL, NULL),
	(1241, 'B2-61', 'AVAILABLE', 8, NULL, NULL),
	(1242, 'B2-62', 'AVAILABLE', 8, NULL, NULL),
	(1243, 'B2-63', 'AVAILABLE', 8, NULL, NULL),
	(1244, 'B2-64', 'AVAILABLE', 8, NULL, NULL),
	(1245, 'B2-65', 'AVAILABLE', 8, NULL, NULL),
	(1246, 'B2-66', 'AVAILABLE', 8, NULL, NULL),
	(1247, 'B2-67', 'AVAILABLE', 8, NULL, NULL),
	(1248, 'B2-68', 'AVAILABLE', 8, NULL, NULL),
	(1249, 'B2-69', 'AVAILABLE', 8, NULL, NULL),
	(1250, 'B2-70', 'AVAILABLE', 8, NULL, NULL),
	(1251, 'B2-71', 'AVAILABLE', 8, NULL, NULL),
	(1252, 'B2-72', 'AVAILABLE', 8, NULL, NULL),
	(1253, 'B2-73', 'AVAILABLE', 8, NULL, NULL),
	(1254, 'B2-74', 'AVAILABLE', 8, NULL, NULL),
	(1255, 'B2-75', 'AVAILABLE', 8, NULL, NULL),
	(1256, 'B2-76', 'AVAILABLE', 8, NULL, NULL),
	(1257, 'B2-77', 'AVAILABLE', 8, NULL, NULL),
	(1258, 'B2-78', 'AVAILABLE', 8, NULL, NULL),
	(1259, 'B2-79', 'AVAILABLE', 8, NULL, NULL),
	(1260, 'B2-80', 'AVAILABLE', 8, NULL, NULL),
	(1261, 'B2-81', 'AVAILABLE', 8, NULL, NULL),
	(1262, 'B2-82', 'AVAILABLE', 8, NULL, NULL),
	(1263, 'B2-83', 'AVAILABLE', 8, NULL, NULL),
	(1264, 'B2-84', 'AVAILABLE', 8, NULL, NULL),
	(1265, 'B2-85', 'AVAILABLE', 8, NULL, NULL),
	(1266, 'B2-86', 'AVAILABLE', 8, NULL, NULL),
	(1267, 'B2-87', 'AVAILABLE', 8, NULL, NULL),
	(1268, 'B2-88', 'AVAILABLE', 8, NULL, NULL),
	(1269, 'B2-89', 'AVAILABLE', 8, NULL, NULL),
	(1270, 'B2-90', 'AVAILABLE', 8, NULL, NULL),
	(1271, 'B2-91', 'AVAILABLE', 8, NULL, NULL),
	(1272, 'B2-92', 'AVAILABLE', 8, NULL, NULL),
	(1273, 'B2-93', 'AVAILABLE', 8, NULL, NULL),
	(1274, 'B2-94', 'AVAILABLE', 8, NULL, NULL),
	(1275, 'B2-95', 'AVAILABLE', 8, NULL, NULL),
	(1276, 'B2-96', 'AVAILABLE', 8, NULL, NULL),
	(1277, 'B2-97', 'AVAILABLE', 8, NULL, NULL),
	(1278, 'B2-98', 'AVAILABLE', 8, NULL, NULL),
	(1279, 'B2-99', 'AVAILABLE', 8, NULL, NULL),
	(1280, 'B2-100', 'AVAILABLE', 8, NULL, NULL),
	(1281, 'B2-101', 'AVAILABLE', 8, NULL, NULL),
	(1282, 'B2-102', 'AVAILABLE', 8, NULL, NULL),
	(1283, 'B2-103', 'AVAILABLE', 8, NULL, NULL),
	(1284, 'B2-104', 'AVAILABLE', 8, NULL, NULL),
	(1285, 'B2-105', 'AVAILABLE', 8, NULL, NULL),
	(1286, 'B2-106', 'AVAILABLE', 8, NULL, NULL),
	(1287, 'B2-107', 'AVAILABLE', 8, NULL, NULL),
	(1288, 'B2-108', 'AVAILABLE', 8, NULL, NULL),
	(1289, 'B2-109', 'AVAILABLE', 8, NULL, NULL),
	(1290, 'B2-110', 'AVAILABLE', 8, NULL, NULL),
	(1291, 'B2-111', 'AVAILABLE', 8, NULL, NULL),
	(1292, 'B2-112', 'AVAILABLE', 8, NULL, NULL),
	(1293, 'B2-113', 'AVAILABLE', 8, NULL, NULL),
	(1294, 'B2-114', 'AVAILABLE', 8, NULL, NULL),
	(1295, 'B2-115', 'AVAILABLE', 8, NULL, NULL),
	(1296, 'B2-116', 'AVAILABLE', 8, NULL, NULL),
	(1297, 'B2-117', 'AVAILABLE', 8, NULL, NULL),
	(1298, 'B2-118', 'AVAILABLE', 8, NULL, NULL),
	(1299, 'B2-119', 'AVAILABLE', 8, NULL, NULL),
	(1300, 'B2-120', 'AVAILABLE', 8, NULL, NULL),
	(1301, 'B2-121', 'AVAILABLE', 8, NULL, NULL),
	(1302, 'B2-122', 'AVAILABLE', 8, NULL, NULL),
	(1303, 'B2-123', 'AVAILABLE', 8, NULL, NULL),
	(1304, 'B2-124', 'AVAILABLE', 8, NULL, NULL),
	(1305, 'B2-125', 'AVAILABLE', 8, NULL, NULL),
	(1306, 'B2-126', 'AVAILABLE', 8, NULL, NULL),
	(1307, 'B2-127', 'AVAILABLE', 8, NULL, NULL),
	(1308, 'B2-128', 'AVAILABLE', 8, NULL, NULL),
	(1309, 'B2-129', 'AVAILABLE', 8, NULL, NULL),
	(1310, 'B2-130', 'AVAILABLE', 8, NULL, NULL),
	(1311, 'B2-131', 'AVAILABLE', 8, NULL, NULL),
	(1312, 'B2-132', 'AVAILABLE', 8, NULL, NULL),
	(1313, 'B2-133', 'AVAILABLE', 8, NULL, NULL),
	(1314, 'B2-134', 'AVAILABLE', 8, NULL, NULL),
	(1315, 'B2-135', 'AVAILABLE', 8, NULL, NULL),
	(1316, 'B2-136', 'AVAILABLE', 8, NULL, NULL),
	(1317, 'B2-137', 'AVAILABLE', 8, NULL, NULL),
	(1318, 'B2-138', 'AVAILABLE', 8, NULL, NULL),
	(1319, 'B2-139', 'AVAILABLE', 8, NULL, NULL),
	(1320, 'B2-140', 'AVAILABLE', 8, NULL, NULL),
	(1321, 'B2-141', 'AVAILABLE', 8, NULL, NULL),
	(1322, 'B2-142', 'AVAILABLE', 8, NULL, NULL),
	(1323, 'B2-143', 'AVAILABLE', 8, NULL, NULL),
	(1324, 'B2-144', 'AVAILABLE', 8, NULL, NULL),
	(1325, 'B2-145', 'AVAILABLE', 8, NULL, NULL),
	(1326, 'B2-146', 'AVAILABLE', 8, NULL, NULL),
	(1327, 'B2-147', 'AVAILABLE', 8, NULL, NULL),
	(1328, 'B2-148', 'AVAILABLE', 8, NULL, NULL),
	(1329, 'B2-149', 'AVAILABLE', 8, NULL, NULL),
	(1330, 'B2-150', 'AVAILABLE', 8, NULL, NULL),
	(1331, 'B2-151', 'AVAILABLE', 8, NULL, NULL),
	(1332, 'B2-152', 'AVAILABLE', 8, NULL, NULL),
	(1333, 'B2-153', 'AVAILABLE', 8, NULL, NULL),
	(1334, 'B2-154', 'AVAILABLE', 8, NULL, NULL),
	(1335, 'B2-155', 'AVAILABLE', 8, NULL, NULL),
	(1336, 'B2-156', 'AVAILABLE', 8, NULL, NULL),
	(1337, 'B2-157', 'AVAILABLE', 8, NULL, NULL),
	(1338, 'B2-158', 'AVAILABLE', 8, NULL, NULL),
	(1339, 'B2-159', 'AVAILABLE', 8, NULL, NULL),
	(1340, 'B2-160', 'AVAILABLE', 8, NULL, NULL),
	(1341, 'B2-161', 'AVAILABLE', 8, NULL, NULL),
	(1342, 'B2-162', 'AVAILABLE', 8, NULL, NULL),
	(1343, 'B2-163', 'AVAILABLE', 8, NULL, NULL),
	(1344, 'B2-164', 'AVAILABLE', 8, NULL, NULL),
	(1345, 'B2-165', 'AVAILABLE', 8, NULL, NULL),
	(1346, 'B2-166', 'AVAILABLE', 8, NULL, NULL),
	(1347, 'B2-167', 'AVAILABLE', 8, NULL, NULL),
	(1348, 'B2-168', 'AVAILABLE', 8, NULL, NULL),
	(1349, 'B2-169', 'AVAILABLE', 8, NULL, NULL),
	(1350, 'B2-170', 'AVAILABLE', 8, NULL, NULL),
	(1351, 'B2-171', 'AVAILABLE', 8, NULL, NULL),
	(1352, 'B2-172', 'AVAILABLE', 8, NULL, NULL),
	(1353, 'B2-173', 'AVAILABLE', 8, NULL, NULL),
	(1354, 'B2-174', 'AVAILABLE', 8, NULL, NULL),
	(1355, 'B2-175', 'AVAILABLE', 8, NULL, NULL),
	(1356, 'B2-176', 'AVAILABLE', 8, NULL, NULL),
	(1357, 'B2-177', 'AVAILABLE', 8, NULL, NULL),
	(1358, 'B2-178', 'AVAILABLE', 8, NULL, NULL),
	(1359, 'B2-179', 'AVAILABLE', 8, NULL, NULL),
	(1360, 'B2-180', 'AVAILABLE', 8, NULL, NULL),
	(1361, 'B2-181', 'AVAILABLE', 8, NULL, NULL),
	(1362, 'B2-182', 'AVAILABLE', 8, NULL, NULL),
	(1363, 'B2-183', 'AVAILABLE', 8, NULL, NULL),
	(1364, 'B2-184', 'AVAILABLE', 8, NULL, NULL),
	(1365, 'B2-185', 'AVAILABLE', 8, NULL, NULL),
	(1366, 'B2-186', 'AVAILABLE', 8, NULL, NULL),
	(1367, 'B2-187', 'AVAILABLE', 8, NULL, NULL),
	(1368, 'B2-188', 'AVAILABLE', 8, NULL, NULL),
	(1369, 'B2-189', 'AVAILABLE', 8, NULL, NULL),
	(1370, 'B2-190', 'AVAILABLE', 8, NULL, NULL),
	(1371, 'B2-191', 'AVAILABLE', 8, NULL, NULL),
	(1372, 'B2-192', 'AVAILABLE', 8, NULL, NULL),
	(1373, 'B2-193', 'AVAILABLE', 8, NULL, NULL),
	(1374, 'B2-194', 'AVAILABLE', 8, NULL, NULL),
	(1375, 'B2-195', 'AVAILABLE', 8, NULL, NULL),
	(1376, 'B2-196', 'AVAILABLE', 8, NULL, NULL),
	(1377, 'B2-197', 'AVAILABLE', 8, NULL, NULL),
	(1378, 'B2-198', 'AVAILABLE', 8, NULL, NULL),
	(1379, 'B2-199', 'AVAILABLE', 8, NULL, NULL),
	(1380, 'B2-200', 'AVAILABLE', 8, NULL, NULL),
	(1381, 'B2-201', 'AVAILABLE', 8, NULL, NULL),
	(1382, 'B2-202', 'AVAILABLE', 8, NULL, NULL),
	(1383, 'B2-203', 'AVAILABLE', 8, NULL, NULL),
	(1384, 'B2-204', 'AVAILABLE', 8, NULL, NULL),
	(1385, 'B2-205', 'AVAILABLE', 8, NULL, NULL),
	(1386, 'B2-206', 'AVAILABLE', 8, NULL, NULL),
	(1387, 'B2-207', 'AVAILABLE', 8, NULL, NULL),
	(1388, 'B2-208', 'AVAILABLE', 8, NULL, NULL),
	(1389, 'B2-209', 'AVAILABLE', 8, NULL, NULL),
	(1390, 'B2-210', 'AVAILABLE', 8, NULL, NULL),
	(1391, 'B2-211', 'AVAILABLE', 8, NULL, NULL),
	(1392, 'B2-212', 'AVAILABLE', 8, NULL, NULL),
	(1393, 'B2-213', 'AVAILABLE', 8, NULL, NULL),
	(1394, 'B2-214', 'AVAILABLE', 8, NULL, NULL),
	(1395, 'B2-215', 'AVAILABLE', 8, NULL, NULL),
	(1396, 'B2-216', 'AVAILABLE', 8, NULL, NULL),
	(1397, 'B2-217', 'AVAILABLE', 8, NULL, NULL),
	(1398, 'B2-218', 'AVAILABLE', 8, NULL, NULL),
	(1399, 'B2-219', 'AVAILABLE', 8, NULL, NULL),
	(1400, 'B2-220', 'AVAILABLE', 8, NULL, NULL),
	(1401, 'B2-221', 'AVAILABLE', 8, NULL, NULL),
	(1402, 'B2-222', 'AVAILABLE', 8, NULL, NULL),
	(1403, 'B2-223', 'AVAILABLE', 8, NULL, NULL),
	(1404, 'B2-224', 'AVAILABLE', 8, NULL, NULL),
	(1405, 'B2-225', 'AVAILABLE', 8, NULL, NULL),
	(1406, 'B2-226', 'AVAILABLE', 8, NULL, NULL),
	(1407, 'B2-227', 'AVAILABLE', 8, NULL, NULL),
	(1408, 'B2-228', 'AVAILABLE', 8, NULL, NULL),
	(1409, 'B2-229', 'AVAILABLE', 8, NULL, NULL),
	(1410, 'B2-230', 'AVAILABLE', 8, NULL, NULL),
	(1411, 'B2-231', 'AVAILABLE', 8, NULL, NULL),
	(1412, 'B2-232', 'AVAILABLE', 8, NULL, NULL),
	(1413, 'B2-233', 'AVAILABLE', 8, NULL, NULL),
	(1414, 'B2-234', 'AVAILABLE', 8, NULL, NULL),
	(1415, 'B2-235', 'AVAILABLE', 8, NULL, NULL),
	(1416, 'B2-236', 'AVAILABLE', 8, NULL, NULL),
	(1417, 'B2-237', 'AVAILABLE', 8, NULL, NULL),
	(1418, 'B2-238', 'AVAILABLE', 8, NULL, NULL),
	(1419, 'B2-239', 'AVAILABLE', 8, NULL, NULL),
	(1420, 'B2-240', 'AVAILABLE', 8, NULL, NULL),
	(1421, 'B2-241', 'AVAILABLE', 8, NULL, NULL),
	(1422, 'B2-242', 'AVAILABLE', 8, NULL, NULL),
	(1423, 'B2-243', 'AVAILABLE', 8, NULL, NULL),
	(1424, 'B2-244', 'AVAILABLE', 8, NULL, NULL),
	(1425, 'B2-245', 'AVAILABLE', 8, NULL, NULL),
	(1426, 'B2-246', 'AVAILABLE', 8, NULL, NULL),
	(1427, 'B2-247', 'AVAILABLE', 8, NULL, NULL),
	(1428, 'B2-248', 'AVAILABLE', 8, NULL, NULL),
	(1429, 'B2-249', 'AVAILABLE', 8, NULL, NULL),
	(1430, 'B2-250', 'AVAILABLE', 8, NULL, NULL),
	(1431, 'B2-251', 'AVAILABLE', 8, NULL, NULL),
	(1432, 'B2-252', 'AVAILABLE', 8, NULL, NULL),
	(1433, 'B2-253', 'AVAILABLE', 8, NULL, NULL),
	(1434, 'B2-254', 'AVAILABLE', 8, NULL, NULL),
	(1435, 'B2-255', 'AVAILABLE', 8, NULL, NULL),
	(1436, 'B2-256', 'AVAILABLE', 8, NULL, NULL),
	(1437, 'B2-257', 'AVAILABLE', 8, NULL, NULL),
	(1438, 'B2-258', 'AVAILABLE', 8, NULL, NULL),
	(1439, 'B2-259', 'AVAILABLE', 8, NULL, NULL),
	(1440, 'B2-260', 'AVAILABLE', 8, NULL, NULL),
	(1441, 'B2-261', 'AVAILABLE', 8, NULL, NULL),
	(1442, 'B2-262', 'AVAILABLE', 8, NULL, NULL),
	(1443, 'B2-263', 'AVAILABLE', 8, NULL, NULL),
	(1444, 'B2-264', 'AVAILABLE', 8, NULL, NULL),
	(1445, 'B2-265', 'AVAILABLE', 8, NULL, NULL),
	(1446, 'B2-266', 'AVAILABLE', 8, NULL, NULL),
	(1447, 'B2-267', 'AVAILABLE', 8, NULL, NULL),
	(1448, 'B2-268', 'AVAILABLE', 8, NULL, NULL),
	(1449, 'B2-269', 'AVAILABLE', 8, NULL, NULL),
	(1450, 'B2-270', 'AVAILABLE', 8, NULL, NULL),
	(1451, 'B2-271', 'AVAILABLE', 8, NULL, NULL),
	(1452, 'B2-272', 'AVAILABLE', 8, NULL, NULL),
	(1453, 'B2-273', 'AVAILABLE', 8, NULL, NULL),
	(1454, 'B2-274', 'AVAILABLE', 8, NULL, NULL),
	(1455, 'B2-275', 'AVAILABLE', 8, NULL, NULL),
	(1456, 'B2-276', 'AVAILABLE', 8, NULL, NULL),
	(1457, 'B2-277', 'AVAILABLE', 8, NULL, NULL),
	(1458, 'B2-278', 'AVAILABLE', 8, NULL, NULL),
	(1459, 'B2-279', 'AVAILABLE', 8, NULL, NULL),
	(1460, 'B2-280', 'AVAILABLE', 8, NULL, NULL),
	(1461, 'B2-281', 'AVAILABLE', 8, NULL, NULL),
	(1462, 'B2-282', 'AVAILABLE', 8, NULL, NULL),
	(1463, 'B2-283', 'AVAILABLE', 8, NULL, NULL),
	(1464, 'B2-284', 'AVAILABLE', 8, NULL, NULL),
	(1465, 'B2-285', 'AVAILABLE', 8, NULL, NULL),
	(1466, 'B2-286', 'AVAILABLE', 8, NULL, NULL),
	(1467, 'B2-287', 'AVAILABLE', 8, NULL, NULL),
	(1468, 'B2-288', 'AVAILABLE', 8, NULL, NULL),
	(1469, 'B2-289', 'AVAILABLE', 8, NULL, NULL),
	(1470, 'B2-290', 'AVAILABLE', 8, NULL, NULL),
	(1471, 'B2-291', 'AVAILABLE', 8, NULL, NULL),
	(1472, 'B2-292', 'AVAILABLE', 8, NULL, NULL),
	(1473, 'B2-293', 'AVAILABLE', 8, NULL, NULL),
	(1474, 'B2-294', 'AVAILABLE', 8, NULL, NULL),
	(1475, 'B2-295', 'AVAILABLE', 8, NULL, NULL),
	(1476, 'B2-296', 'AVAILABLE', 8, NULL, NULL),
	(1477, 'B2-297', 'AVAILABLE', 8, NULL, NULL),
	(1478, 'B2-298', 'AVAILABLE', 8, NULL, NULL),
	(1479, 'B2-299', 'AVAILABLE', 8, NULL, NULL),
	(1480, 'B2-300', 'AVAILABLE', 8, NULL, NULL),
	(1481, 'B2-301', 'AVAILABLE', 8, NULL, NULL),
	(1482, 'B2-302', 'AVAILABLE', 8, NULL, NULL),
	(1483, 'B2-303', 'AVAILABLE', 8, NULL, NULL),
	(1484, 'B2-304', 'AVAILABLE', 8, NULL, NULL),
	(1485, 'B2-305', 'AVAILABLE', 8, NULL, NULL),
	(1486, 'B2-306', 'AVAILABLE', 8, NULL, NULL),
	(1487, 'B2-307', 'AVAILABLE', 8, NULL, NULL),
	(1488, 'B2-308', 'AVAILABLE', 8, NULL, NULL),
	(1489, 'B2-309', 'AVAILABLE', 8, NULL, NULL),
	(1490, 'B2-310', 'AVAILABLE', 8, NULL, NULL),
	(1491, 'B2-311', 'AVAILABLE', 8, NULL, NULL),
	(1492, 'B2-312', 'AVAILABLE', 8, NULL, NULL),
	(1493, 'B2-313', 'AVAILABLE', 8, NULL, NULL),
	(1494, 'B2-314', 'AVAILABLE', 8, NULL, NULL),
	(1495, 'B2-315', 'AVAILABLE', 8, NULL, NULL),
	(1496, 'B2-316', 'AVAILABLE', 8, NULL, NULL),
	(1497, 'B2-317', 'AVAILABLE', 8, NULL, NULL),
	(1498, 'B2-318', 'AVAILABLE', 8, NULL, NULL),
	(1499, 'B2-319', 'AVAILABLE', 8, NULL, NULL),
	(1500, 'B2-320', 'AVAILABLE', 8, NULL, NULL),
	(1501, 'B2-321', 'AVAILABLE', 8, NULL, NULL),
	(1502, 'B2-322', 'AVAILABLE', 8, NULL, NULL),
	(1503, 'B2-323', 'AVAILABLE', 8, NULL, NULL),
	(1504, 'B2-324', 'AVAILABLE', 8, NULL, NULL),
	(1505, 'B2-325', 'AVAILABLE', 8, NULL, NULL),
	(1506, 'B2-326', 'AVAILABLE', 8, NULL, NULL),
	(1507, 'B2-327', 'AVAILABLE', 8, NULL, NULL),
	(1508, 'B2-328', 'AVAILABLE', 8, NULL, NULL),
	(1509, 'B2-329', 'AVAILABLE', 8, NULL, NULL),
	(1510, 'B2-330', 'AVAILABLE', 8, NULL, NULL),
	(1511, 'B2-331', 'AVAILABLE', 8, NULL, NULL),
	(1512, 'B2-332', 'AVAILABLE', 8, NULL, NULL),
	(1513, 'B2-333', 'AVAILABLE', 8, NULL, NULL),
	(1514, 'B2-334', 'AVAILABLE', 8, NULL, NULL),
	(1515, 'B2-335', 'AVAILABLE', 8, NULL, NULL),
	(1516, 'B2-336', 'AVAILABLE', 8, NULL, NULL),
	(1517, 'B2-337', 'AVAILABLE', 8, NULL, NULL),
	(1518, 'B2-338', 'AVAILABLE', 8, NULL, NULL),
	(1519, 'B2-339', 'AVAILABLE', 8, NULL, NULL),
	(1520, 'B2-340', 'AVAILABLE', 8, NULL, NULL),
	(1521, 'B2-341', 'AVAILABLE', 8, NULL, NULL),
	(1522, 'B2-342', 'AVAILABLE', 8, NULL, NULL),
	(1523, 'B2-343', 'AVAILABLE', 8, NULL, NULL),
	(1524, 'B2-344', 'AVAILABLE', 8, NULL, NULL),
	(1525, 'B2-345', 'AVAILABLE', 8, NULL, NULL),
	(1526, 'B2-346', 'AVAILABLE', 8, NULL, NULL),
	(1527, 'B2-347', 'AVAILABLE', 8, NULL, NULL),
	(1528, 'B2-348', 'AVAILABLE', 8, NULL, NULL),
	(1529, 'B2-349', 'AVAILABLE', 8, NULL, NULL),
	(1530, 'B2-350', 'AVAILABLE', 8, NULL, NULL),
	(1531, 'B2-351', 'AVAILABLE', 8, NULL, NULL),
	(1532, 'B2-352', 'AVAILABLE', 8, NULL, NULL),
	(1533, 'B2-353', 'AVAILABLE', 8, NULL, NULL),
	(1534, 'B2-354', 'AVAILABLE', 8, NULL, NULL),
	(1535, 'B2-355', 'AVAILABLE', 8, NULL, NULL),
	(1536, 'B2-356', 'AVAILABLE', 8, NULL, NULL),
	(1537, 'B2-357', 'AVAILABLE', 8, NULL, NULL),
	(1538, 'B2-358', 'AVAILABLE', 8, NULL, NULL),
	(1539, 'B2-359', 'AVAILABLE', 8, NULL, NULL),
	(1540, 'B2-360', 'AVAILABLE', 8, NULL, NULL),
	(1541, 'B2-361', 'AVAILABLE', 8, NULL, NULL),
	(1542, 'B2-362', 'AVAILABLE', 8, NULL, NULL),
	(1543, 'B2-363', 'AVAILABLE', 8, NULL, NULL),
	(1544, 'B2-364', 'AVAILABLE', 8, NULL, NULL),
	(1545, 'B2-365', 'AVAILABLE', 8, NULL, NULL),
	(1546, 'B2-366', 'AVAILABLE', 8, NULL, NULL),
	(1547, 'B2-367', 'AVAILABLE', 8, NULL, NULL),
	(1548, 'B2-368', 'AVAILABLE', 8, NULL, NULL),
	(1549, 'B2-369', 'AVAILABLE', 8, NULL, NULL),
	(1550, 'B2-370', 'AVAILABLE', 8, NULL, NULL),
	(1551, 'B2-371', 'AVAILABLE', 8, NULL, NULL),
	(1552, 'B2-372', 'AVAILABLE', 8, NULL, NULL),
	(1553, 'B2-373', 'AVAILABLE', 8, NULL, NULL),
	(1554, 'B2-374', 'AVAILABLE', 8, NULL, NULL),
	(1555, 'B2-375', 'AVAILABLE', 8, NULL, NULL),
	(1556, 'B2-376', 'AVAILABLE', 8, NULL, NULL),
	(1557, 'B2-377', 'AVAILABLE', 8, NULL, NULL),
	(1558, 'B2-378', 'AVAILABLE', 8, NULL, NULL),
	(1559, 'B2-379', 'AVAILABLE', 8, NULL, NULL),
	(1560, 'B2-380', 'AVAILABLE', 8, NULL, NULL),
	(1561, 'B2-381', 'AVAILABLE', 8, NULL, NULL),
	(1562, 'B2-382', 'AVAILABLE', 8, NULL, NULL),
	(1563, 'B2-383', 'AVAILABLE', 8, NULL, NULL),
	(1564, 'B2-384', 'AVAILABLE', 8, NULL, NULL),
	(1565, 'B2-385', 'AVAILABLE', 8, NULL, NULL),
	(1566, 'B2-386', 'AVAILABLE', 8, NULL, NULL),
	(1567, 'B2-387', 'AVAILABLE', 8, NULL, NULL),
	(1568, 'B2-388', 'AVAILABLE', 8, NULL, NULL),
	(1569, 'B2-389', 'AVAILABLE', 8, NULL, NULL),
	(1570, 'B2-390', 'AVAILABLE', 8, NULL, NULL),
	(1571, 'B2-391', 'AVAILABLE', 8, NULL, NULL),
	(1572, 'B2-392', 'AVAILABLE', 8, NULL, NULL),
	(1573, 'B2-393', 'AVAILABLE', 8, NULL, NULL),
	(1574, 'B2-394', 'AVAILABLE', 8, NULL, NULL),
	(1575, 'B2-395', 'AVAILABLE', 8, NULL, NULL),
	(1576, 'B2-396', 'AVAILABLE', 8, NULL, NULL),
	(1577, 'B2-397', 'AVAILABLE', 8, NULL, NULL),
	(1578, 'B2-398', 'AVAILABLE', 8, NULL, NULL),
	(1579, 'B2-399', 'AVAILABLE', 8, NULL, NULL),
	(1580, 'B2-400', 'AVAILABLE', 8, NULL, NULL),
	(1581, 'B2-401', 'AVAILABLE', 8, NULL, NULL),
	(1582, 'B2-402', 'AVAILABLE', 8, NULL, NULL),
	(1583, 'B2-403', 'AVAILABLE', 8, NULL, NULL),
	(1584, 'B2-404', 'AVAILABLE', 8, NULL, NULL),
	(1585, 'B2-405', 'AVAILABLE', 8, NULL, NULL),
	(1586, 'B2-406', 'AVAILABLE', 8, NULL, NULL),
	(1587, 'B2-407', 'AVAILABLE', 8, NULL, NULL),
	(1588, 'B2-408', 'AVAILABLE', 8, NULL, NULL),
	(1589, 'B2-409', 'AVAILABLE', 8, NULL, NULL),
	(1590, 'B2-410', 'AVAILABLE', 8, NULL, NULL),
	(1591, 'B2-411', 'AVAILABLE', 8, NULL, NULL),
	(1592, 'B2-412', 'AVAILABLE', 8, NULL, NULL),
	(1593, 'B2-413', 'AVAILABLE', 8, NULL, NULL),
	(1594, 'B2-414', 'AVAILABLE', 8, NULL, NULL),
	(1595, 'B2-415', 'AVAILABLE', 8, NULL, NULL),
	(1596, 'B2-416', 'AVAILABLE', 8, NULL, NULL),
	(1597, 'B2-417', 'AVAILABLE', 8, NULL, NULL),
	(1598, 'B2-418', 'AVAILABLE', 8, NULL, NULL),
	(1599, 'B2-419', 'AVAILABLE', 8, NULL, NULL),
	(1600, 'B2-420', 'AVAILABLE', 8, NULL, NULL),
	(1601, 'B2-421', 'AVAILABLE', 8, NULL, NULL),
	(1602, 'B2-422', 'AVAILABLE', 8, NULL, NULL),
	(1603, 'B2-423', 'AVAILABLE', 8, NULL, NULL),
	(1604, 'B2-424', 'AVAILABLE', 8, NULL, NULL),
	(1605, 'B2-425', 'AVAILABLE', 8, NULL, NULL),
	(1606, 'B2-426', 'AVAILABLE', 8, NULL, NULL),
	(1607, 'B2-427', 'AVAILABLE', 8, NULL, NULL),
	(1608, 'B2-428', 'AVAILABLE', 8, NULL, NULL),
	(1609, 'B2-429', 'AVAILABLE', 8, NULL, NULL),
	(1610, 'B2-430', 'AVAILABLE', 8, NULL, NULL),
	(1611, 'B2-431', 'AVAILABLE', 8, NULL, NULL),
	(1612, 'B2-432', 'AVAILABLE', 8, NULL, NULL),
	(1613, 'B2-433', 'AVAILABLE', 8, NULL, NULL),
	(1614, 'B2-434', 'AVAILABLE', 8, NULL, NULL),
	(1615, 'B2-435', 'AVAILABLE', 8, NULL, NULL),
	(1616, 'B2-436', 'AVAILABLE', 8, NULL, NULL),
	(1617, 'B2-437', 'AVAILABLE', 8, NULL, NULL),
	(1618, 'B2-438', 'AVAILABLE', 8, NULL, NULL),
	(1619, 'B2-439', 'AVAILABLE', 8, NULL, NULL),
	(1620, 'B2-440', 'AVAILABLE', 8, NULL, NULL),
	(1621, 'B2-441', 'AVAILABLE', 8, NULL, NULL),
	(1622, 'B2-442', 'AVAILABLE', 8, NULL, NULL),
	(1623, 'B3-1', 'AVAILABLE', 9, NULL, NULL),
	(1624, 'B3-2', 'AVAILABLE', 9, NULL, NULL),
	(1625, 'B3-3', 'AVAILABLE', 9, NULL, NULL),
	(1626, 'B3-4', 'AVAILABLE', 9, NULL, NULL),
	(1627, 'B3-5', 'AVAILABLE', 9, NULL, NULL),
	(1628, 'B3-6', 'AVAILABLE', 9, NULL, NULL),
	(1629, 'B3-7', 'AVAILABLE', 9, NULL, NULL),
	(1630, 'B3-8', 'AVAILABLE', 9, NULL, NULL),
	(1631, 'B3-9', 'AVAILABLE', 9, NULL, NULL),
	(1632, 'B3-10', 'AVAILABLE', 9, NULL, NULL),
	(1633, 'B3-11', 'AVAILABLE', 9, NULL, NULL),
	(1634, 'B3-12', 'AVAILABLE', 9, NULL, NULL),
	(1635, 'B3-13', 'AVAILABLE', 9, NULL, NULL),
	(1636, 'B3-14', 'AVAILABLE', 9, NULL, NULL),
	(1637, 'B3-15', 'AVAILABLE', 9, NULL, NULL),
	(1638, 'B3-16', 'AVAILABLE', 9, NULL, NULL),
	(1639, 'B3-17', 'AVAILABLE', 9, NULL, NULL),
	(1640, 'B3-18', 'AVAILABLE', 9, NULL, NULL),
	(1641, 'B3-19', 'AVAILABLE', 9, NULL, NULL),
	(1642, 'B3-20', 'AVAILABLE', 9, NULL, NULL),
	(1643, 'B3-21', 'AVAILABLE', 9, NULL, NULL),
	(1644, 'B3-22', 'AVAILABLE', 9, NULL, NULL),
	(1645, 'B3-23', 'AVAILABLE', 9, NULL, NULL),
	(1646, 'B3-24', 'AVAILABLE', 9, NULL, NULL),
	(1647, 'B3-25', 'AVAILABLE', 9, NULL, NULL),
	(1648, 'B3-26', 'AVAILABLE', 9, NULL, NULL),
	(1649, 'B3-27', 'AVAILABLE', 9, NULL, NULL),
	(1650, 'B3-28', 'AVAILABLE', 9, NULL, NULL),
	(1651, 'B3-29', 'AVAILABLE', 9, NULL, NULL),
	(1652, 'B3-30', 'AVAILABLE', 9, NULL, NULL),
	(1653, 'B3-31', 'AVAILABLE', 9, NULL, NULL),
	(1654, 'B3-32', 'AVAILABLE', 9, NULL, NULL),
	(1655, 'B3-33', 'AVAILABLE', 9, NULL, NULL),
	(1656, 'B3-34', 'AVAILABLE', 9, NULL, NULL),
	(1657, 'B3-35', 'AVAILABLE', 9, NULL, NULL),
	(1658, 'B3-36', 'AVAILABLE', 9, NULL, NULL),
	(1659, 'B3-37', 'AVAILABLE', 9, NULL, NULL),
	(1660, 'B3-38', 'AVAILABLE', 9, NULL, NULL),
	(1661, 'B3-39', 'AVAILABLE', 9, NULL, NULL),
	(1662, 'B3-40', 'AVAILABLE', 9, NULL, NULL),
	(1663, 'B3-41', 'AVAILABLE', 9, NULL, NULL),
	(1664, 'B3-42', 'AVAILABLE', 9, NULL, NULL),
	(1665, 'B3-43', 'AVAILABLE', 9, NULL, NULL),
	(1666, 'B3-44', 'AVAILABLE', 9, NULL, NULL),
	(1667, 'B3-45', 'AVAILABLE', 9, NULL, NULL),
	(1668, 'B3-46', 'AVAILABLE', 9, NULL, NULL),
	(1669, 'B3-47', 'AVAILABLE', 9, NULL, NULL),
	(1670, 'B3-48', 'AVAILABLE', 9, NULL, NULL),
	(1671, 'B3-49', 'AVAILABLE', 9, NULL, NULL),
	(1672, 'B3-50', 'AVAILABLE', 9, NULL, NULL),
	(1673, 'B3-51', 'AVAILABLE', 9, NULL, NULL),
	(1674, 'B3-52', 'AVAILABLE', 9, NULL, NULL),
	(1675, 'B3-53', 'AVAILABLE', 9, NULL, NULL),
	(1676, 'B3-54', 'AVAILABLE', 9, NULL, NULL),
	(1677, 'B3-55', 'AVAILABLE', 9, NULL, NULL),
	(1678, 'B3-56', 'AVAILABLE', 9, NULL, NULL),
	(1679, 'B3-57', 'AVAILABLE', 9, NULL, NULL),
	(1680, 'B3-58', 'AVAILABLE', 9, NULL, NULL),
	(1681, 'B3-59', 'AVAILABLE', 9, NULL, NULL),
	(1682, 'B3-60', 'AVAILABLE', 9, NULL, NULL),
	(1683, 'B3-61', 'AVAILABLE', 9, NULL, NULL),
	(1684, 'B3-62', 'AVAILABLE', 9, NULL, NULL),
	(1685, 'B3-63', 'AVAILABLE', 9, NULL, NULL),
	(1686, 'B3-64', 'AVAILABLE', 9, NULL, NULL),
	(1687, 'B3-65', 'AVAILABLE', 9, NULL, NULL),
	(1688, 'B3-66', 'AVAILABLE', 9, NULL, NULL),
	(1689, 'B3-67', 'AVAILABLE', 9, NULL, NULL),
	(1690, 'B3-68', 'AVAILABLE', 9, NULL, NULL),
	(1691, 'B3-69', 'AVAILABLE', 9, NULL, NULL),
	(1692, 'B3-70', 'AVAILABLE', 9, NULL, NULL),
	(1693, 'B3-71', 'AVAILABLE', 9, NULL, NULL),
	(1694, 'B3-72', 'AVAILABLE', 9, NULL, NULL),
	(1695, 'B3-73', 'AVAILABLE', 9, NULL, NULL),
	(1696, 'B3-74', 'AVAILABLE', 9, NULL, NULL),
	(1697, 'B3-75', 'AVAILABLE', 9, NULL, NULL),
	(1698, 'B3-76', 'AVAILABLE', 9, NULL, NULL),
	(1699, 'B3-77', 'AVAILABLE', 9, NULL, NULL),
	(1700, 'B3-78', 'AVAILABLE', 9, NULL, NULL),
	(1701, 'B3-79', 'AVAILABLE', 9, NULL, NULL),
	(1702, 'B3-80', 'AVAILABLE', 9, NULL, NULL),
	(1703, 'B3-81', 'AVAILABLE', 9, NULL, NULL),
	(1704, 'B3-82', 'AVAILABLE', 9, NULL, NULL),
	(1705, 'B3-83', 'AVAILABLE', 9, NULL, NULL),
	(1706, 'B3-84', 'AVAILABLE', 9, NULL, NULL),
	(1707, 'B3-85', 'AVAILABLE', 9, NULL, NULL),
	(1708, 'B3-86', 'AVAILABLE', 9, NULL, NULL),
	(1709, 'B3-87', 'AVAILABLE', 9, NULL, NULL),
	(1710, 'B3-88', 'AVAILABLE', 9, NULL, NULL),
	(1711, 'B3-89', 'AVAILABLE', 9, NULL, NULL),
	(1712, 'B3-90', 'AVAILABLE', 9, NULL, NULL),
	(1713, 'B3-91', 'AVAILABLE', 9, NULL, NULL),
	(1714, 'B3-92', 'AVAILABLE', 9, NULL, NULL),
	(1715, 'B3-93', 'AVAILABLE', 9, NULL, NULL),
	(1716, 'B3-94', 'AVAILABLE', 9, NULL, NULL),
	(1717, 'B3-95', 'AVAILABLE', 9, NULL, NULL),
	(1718, 'B3-96', 'AVAILABLE', 9, NULL, NULL),
	(1719, 'B3-97', 'AVAILABLE', 9, NULL, NULL),
	(1720, 'B3-98', 'AVAILABLE', 9, NULL, NULL),
	(1721, 'B3-99', 'AVAILABLE', 9, NULL, NULL),
	(1722, 'B3-100', 'AVAILABLE', 9, NULL, NULL),
	(1723, 'B3-101', 'AVAILABLE', 9, NULL, NULL),
	(1724, 'B3-102', 'AVAILABLE', 9, NULL, NULL),
	(1725, 'B3-103', 'AVAILABLE', 9, NULL, NULL),
	(1726, 'B3-104', 'AVAILABLE', 9, NULL, NULL),
	(1727, 'B3-105', 'AVAILABLE', 9, NULL, NULL),
	(1728, 'B3-106', 'AVAILABLE', 9, NULL, NULL),
	(1729, 'B3-107', 'AVAILABLE', 9, NULL, NULL),
	(1730, 'B3-108', 'AVAILABLE', 9, NULL, NULL),
	(1731, 'B3-109', 'AVAILABLE', 9, NULL, NULL),
	(1732, 'B3-110', 'AVAILABLE', 9, NULL, NULL),
	(1733, 'B3-111', 'AVAILABLE', 9, NULL, NULL),
	(1734, 'B3-112', 'AVAILABLE', 9, NULL, NULL),
	(1735, 'B3-113', 'AVAILABLE', 9, NULL, NULL),
	(1736, 'B3-114', 'AVAILABLE', 9, NULL, NULL),
	(1737, 'B3-115', 'AVAILABLE', 9, NULL, NULL),
	(1738, 'B3-116', 'AVAILABLE', 9, NULL, NULL),
	(1739, 'B3-117', 'AVAILABLE', 9, NULL, NULL),
	(1740, 'B3-118', 'AVAILABLE', 9, NULL, NULL),
	(1741, 'B3-119', 'AVAILABLE', 9, NULL, NULL),
	(1742, 'B3-120', 'AVAILABLE', 9, NULL, NULL),
	(1743, 'B3-121', 'AVAILABLE', 9, NULL, NULL),
	(1744, 'B3-122', 'AVAILABLE', 9, NULL, NULL),
	(1745, 'B3-123', 'AVAILABLE', 9, NULL, NULL),
	(1746, 'B3-124', 'AVAILABLE', 9, NULL, NULL),
	(1747, 'B3-125', 'AVAILABLE', 9, NULL, NULL),
	(1748, 'B3-126', 'AVAILABLE', 9, NULL, NULL),
	(1749, 'B3-127', 'AVAILABLE', 9, NULL, NULL),
	(1750, 'B3-128', 'AVAILABLE', 9, NULL, NULL),
	(1751, 'B3-129', 'AVAILABLE', 9, NULL, NULL),
	(1752, 'B3-130', 'AVAILABLE', 9, NULL, NULL),
	(1753, 'B3-131', 'AVAILABLE', 9, NULL, NULL),
	(1754, 'B3-132', 'AVAILABLE', 9, NULL, NULL),
	(1755, 'B3-133', 'AVAILABLE', 9, NULL, NULL),
	(1756, 'B3-134', 'AVAILABLE', 9, NULL, NULL),
	(1757, 'B3-135', 'AVAILABLE', 9, NULL, NULL),
	(1758, 'B3-136', 'AVAILABLE', 9, NULL, NULL),
	(1759, 'B3-137', 'AVAILABLE', 9, NULL, NULL),
	(1760, 'B3-138', 'AVAILABLE', 9, NULL, NULL),
	(1761, 'B3-139', 'AVAILABLE', 9, NULL, NULL),
	(1762, 'B3-140', 'AVAILABLE', 9, NULL, NULL),
	(1763, 'B3-141', 'AVAILABLE', 9, NULL, NULL),
	(1764, 'B3-142', 'AVAILABLE', 9, NULL, NULL),
	(1765, 'B3-143', 'AVAILABLE', 9, NULL, NULL),
	(1766, 'B3-144', 'AVAILABLE', 9, NULL, NULL),
	(1767, 'B3-145', 'AVAILABLE', 9, NULL, NULL),
	(1768, 'B3-146', 'AVAILABLE', 9, NULL, NULL),
	(1769, 'B3-147', 'AVAILABLE', 9, NULL, NULL),
	(1770, 'B3-148', 'AVAILABLE', 9, NULL, NULL),
	(1771, 'B3-149', 'AVAILABLE', 9, NULL, NULL),
	(1772, 'B3-150', 'AVAILABLE', 9, NULL, NULL),
	(1773, 'B3-151', 'AVAILABLE', 9, NULL, NULL),
	(1774, 'B3-152', 'AVAILABLE', 9, NULL, NULL),
	(1775, 'B3-153', 'AVAILABLE', 9, NULL, NULL),
	(1776, 'B3-154', 'AVAILABLE', 9, NULL, NULL),
	(1777, 'B3-155', 'AVAILABLE', 9, NULL, NULL),
	(1778, 'B3-156', 'AVAILABLE', 9, NULL, NULL),
	(1779, 'B3-157', 'AVAILABLE', 9, NULL, NULL),
	(1780, 'B3-158', 'AVAILABLE', 9, NULL, NULL),
	(1781, 'B3-159', 'AVAILABLE', 9, NULL, NULL),
	(1782, 'B3-160', 'AVAILABLE', 9, NULL, NULL),
	(1783, 'B3-161', 'AVAILABLE', 9, NULL, NULL),
	(1784, 'B3-162', 'AVAILABLE', 9, NULL, NULL),
	(1785, 'B3-163', 'AVAILABLE', 9, NULL, NULL),
	(1786, 'B3-164', 'AVAILABLE', 9, NULL, NULL),
	(1787, 'B3-165', 'AVAILABLE', 9, NULL, NULL),
	(1788, 'B3-166', 'AVAILABLE', 9, NULL, NULL),
	(1789, 'B3-167', 'AVAILABLE', 9, NULL, NULL),
	(1790, 'B3-168', 'AVAILABLE', 9, NULL, NULL),
	(1791, 'B3-169', 'AVAILABLE', 9, NULL, NULL),
	(1792, 'B3-170', 'AVAILABLE', 9, NULL, NULL),
	(1793, 'B3-171', 'AVAILABLE', 9, NULL, NULL),
	(1794, 'B3-172', 'AVAILABLE', 9, NULL, NULL),
	(1795, 'B3-173', 'AVAILABLE', 9, NULL, NULL),
	(1796, 'B3-174', 'AVAILABLE', 9, NULL, NULL),
	(1797, 'B3-175', 'AVAILABLE', 9, NULL, NULL),
	(1798, 'B3-176', 'AVAILABLE', 9, NULL, NULL),
	(1799, 'B3-177', 'AVAILABLE', 9, NULL, NULL),
	(1800, 'B3-178', 'AVAILABLE', 9, NULL, NULL),
	(1801, 'B3-179', 'AVAILABLE', 9, NULL, NULL),
	(1802, 'B3-180', 'AVAILABLE', 9, NULL, NULL),
	(1803, 'B3-181', 'AVAILABLE', 9, NULL, NULL),
	(1804, 'B3-182', 'AVAILABLE', 9, NULL, NULL),
	(1805, 'B3-183', 'AVAILABLE', 9, NULL, NULL),
	(1806, 'B3-184', 'AVAILABLE', 9, NULL, NULL),
	(1807, 'B3-185', 'AVAILABLE', 9, NULL, NULL),
	(1808, 'B3-186', 'AVAILABLE', 9, NULL, NULL),
	(1809, 'B3-187', 'AVAILABLE', 9, NULL, NULL),
	(1810, 'B3-188', 'AVAILABLE', 9, NULL, NULL),
	(1811, 'B3-189', 'AVAILABLE', 9, NULL, NULL),
	(1812, 'B3-190', 'AVAILABLE', 9, NULL, NULL),
	(1813, 'B3-191', 'AVAILABLE', 9, NULL, NULL),
	(1814, 'B3-192', 'AVAILABLE', 9, NULL, NULL),
	(1815, 'B3-193', 'AVAILABLE', 9, NULL, NULL),
	(1816, 'B3-194', 'AVAILABLE', 9, NULL, NULL),
	(1817, 'B3-195', 'AVAILABLE', 9, NULL, NULL),
	(1818, 'B3-196', 'AVAILABLE', 9, NULL, NULL),
	(1819, 'B3-197', 'AVAILABLE', 9, NULL, NULL),
	(1820, 'B3-198', 'AVAILABLE', 9, NULL, NULL),
	(1821, 'B3-199', 'AVAILABLE', 9, NULL, NULL),
	(1822, 'B3-200', 'AVAILABLE', 9, NULL, NULL),
	(1823, 'B3-201', 'AVAILABLE', 9, NULL, NULL),
	(1824, 'B3-202', 'AVAILABLE', 9, NULL, NULL),
	(1825, 'B3-203', 'AVAILABLE', 9, NULL, NULL),
	(1826, 'B3-204', 'AVAILABLE', 9, NULL, NULL),
	(1827, 'B3-205', 'AVAILABLE', 9, NULL, NULL),
	(1828, 'B3-206', 'AVAILABLE', 9, NULL, NULL),
	(1829, 'B3-207', 'AVAILABLE', 9, NULL, NULL),
	(1830, 'B3-208', 'AVAILABLE', 9, NULL, NULL),
	(1831, 'B3-209', 'AVAILABLE', 9, NULL, NULL),
	(1832, 'B3-210', 'AVAILABLE', 9, NULL, NULL),
	(1833, 'B3-211', 'AVAILABLE', 9, NULL, NULL),
	(1834, 'B3-212', 'AVAILABLE', 9, NULL, NULL),
	(1835, 'B3-213', 'AVAILABLE', 9, NULL, NULL),
	(1836, 'B3-214', 'AVAILABLE', 9, NULL, NULL),
	(1837, 'B3-215', 'AVAILABLE', 9, NULL, NULL),
	(1838, 'B3-216', 'AVAILABLE', 9, NULL, NULL),
	(1839, 'B3-217', 'AVAILABLE', 9, NULL, NULL),
	(1840, 'B3-218', 'AVAILABLE', 9, NULL, NULL),
	(1841, 'B3-219', 'AVAILABLE', 9, NULL, NULL),
	(1842, 'B3-220', 'AVAILABLE', 9, NULL, NULL),
	(1843, 'B3-221', 'AVAILABLE', 9, NULL, NULL),
	(1844, 'B3-222', 'AVAILABLE', 9, NULL, NULL),
	(1845, 'B3-223', 'AVAILABLE', 9, NULL, NULL),
	(1846, 'B3-224', 'AVAILABLE', 9, NULL, NULL),
	(1847, 'B3-225', 'AVAILABLE', 9, NULL, NULL),
	(1848, 'B3-226', 'AVAILABLE', 9, NULL, NULL),
	(1849, 'B3-227', 'AVAILABLE', 9, NULL, NULL),
	(1850, 'B3-228', 'AVAILABLE', 9, NULL, NULL),
	(1851, 'B3-229', 'AVAILABLE', 9, NULL, NULL),
	(1852, 'B3-230', 'AVAILABLE', 9, NULL, NULL),
	(1853, 'B3-231', 'AVAILABLE', 9, NULL, NULL),
	(1854, 'B3-232', 'AVAILABLE', 9, NULL, NULL),
	(1855, 'B3-233', 'AVAILABLE', 9, NULL, NULL),
	(1856, 'B3-234', 'AVAILABLE', 9, NULL, NULL),
	(1857, 'B3-235', 'AVAILABLE', 9, NULL, NULL),
	(1858, 'B3-236', 'AVAILABLE', 9, NULL, NULL),
	(1859, 'B3-237', 'AVAILABLE', 9, NULL, NULL),
	(1860, 'B3-238', 'AVAILABLE', 9, NULL, NULL),
	(1861, 'B3-239', 'AVAILABLE', 9, NULL, NULL),
	(1862, 'B3-240', 'AVAILABLE', 9, NULL, NULL),
	(1863, 'B3-241', 'AVAILABLE', 9, NULL, NULL),
	(1864, 'B3-242', 'AVAILABLE', 9, NULL, NULL),
	(1865, 'B3-243', 'AVAILABLE', 9, NULL, NULL),
	(1866, 'B3-244', 'AVAILABLE', 9, NULL, NULL),
	(1867, 'B3-245', 'AVAILABLE', 9, NULL, NULL),
	(1868, 'B3-246', 'AVAILABLE', 9, NULL, NULL),
	(1869, 'B3-247', 'AVAILABLE', 9, NULL, NULL),
	(1870, 'B3-248', 'AVAILABLE', 9, NULL, NULL),
	(1871, 'B3-249', 'AVAILABLE', 9, NULL, NULL),
	(1872, 'B3-250', 'AVAILABLE', 9, NULL, NULL),
	(1873, 'B3-251', 'AVAILABLE', 9, NULL, NULL),
	(1874, 'B3-252', 'AVAILABLE', 9, NULL, NULL),
	(1875, 'B3-253', 'AVAILABLE', 9, NULL, NULL),
	(1876, 'B3-254', 'AVAILABLE', 9, NULL, NULL),
	(1877, 'B3-255', 'AVAILABLE', 9, NULL, NULL),
	(1878, 'B3-256', 'AVAILABLE', 9, NULL, NULL),
	(1879, 'B3-257', 'AVAILABLE', 9, NULL, NULL),
	(1880, 'B3-258', 'AVAILABLE', 9, NULL, NULL),
	(1881, 'B3-259', 'AVAILABLE', 9, NULL, NULL),
	(1882, 'B3-260', 'AVAILABLE', 9, NULL, NULL),
	(1883, 'B3-261', 'AVAILABLE', 9, NULL, NULL),
	(1884, 'B3-262', 'AVAILABLE', 9, NULL, NULL),
	(1885, 'B3-263', 'AVAILABLE', 9, NULL, NULL),
	(1886, 'B3-264', 'AVAILABLE', 9, NULL, NULL),
	(1887, 'B3-265', 'AVAILABLE', 9, NULL, NULL),
	(1888, 'B3-266', 'AVAILABLE', 9, NULL, NULL),
	(1889, 'B3-267', 'AVAILABLE', 9, NULL, NULL),
	(1890, 'B3-268', 'AVAILABLE', 9, NULL, NULL),
	(1891, 'B3-269', 'AVAILABLE', 9, NULL, NULL),
	(1892, 'B3-270', 'AVAILABLE', 9, NULL, NULL),
	(1893, 'B3-271', 'AVAILABLE', 9, NULL, NULL),
	(1894, 'B3-272', 'AVAILABLE', 9, NULL, NULL),
	(1895, 'B3-273', 'AVAILABLE', 9, NULL, NULL),
	(1896, 'B3-274', 'AVAILABLE', 9, NULL, NULL),
	(1897, 'B3-275', 'AVAILABLE', 9, NULL, NULL),
	(1898, 'B3-276', 'AVAILABLE', 9, NULL, NULL),
	(1899, 'B3-277', 'AVAILABLE', 9, NULL, NULL),
	(1900, 'B3-278', 'AVAILABLE', 9, NULL, NULL),
	(1901, 'B3-279', 'AVAILABLE', 9, NULL, NULL),
	(1902, 'B3-280', 'AVAILABLE', 9, NULL, NULL),
	(1903, 'B3-281', 'AVAILABLE', 9, NULL, NULL),
	(1904, 'B3-282', 'AVAILABLE', 9, NULL, NULL),
	(1905, 'B3-283', 'AVAILABLE', 9, NULL, NULL),
	(1906, 'B3-284', 'AVAILABLE', 9, NULL, NULL),
	(1907, 'B3-285', 'AVAILABLE', 9, NULL, NULL),
	(1908, 'B3-286', 'AVAILABLE', 9, NULL, NULL),
	(1909, 'B3-287', 'AVAILABLE', 9, NULL, NULL),
	(1910, 'B3-288', 'AVAILABLE', 9, NULL, NULL),
	(1911, 'B3-289', 'AVAILABLE', 9, NULL, NULL),
	(1912, 'B3-290', 'AVAILABLE', 9, NULL, NULL),
	(1913, 'B3-291', 'AVAILABLE', 9, NULL, NULL),
	(1914, 'B3-292', 'AVAILABLE', 9, NULL, NULL),
	(1915, 'B3-293', 'AVAILABLE', 9, NULL, NULL),
	(1916, 'B3-294', 'AVAILABLE', 9, NULL, NULL),
	(1917, 'B3-295', 'AVAILABLE', 9, NULL, NULL),
	(1918, 'B3-296', 'AVAILABLE', 9, NULL, NULL),
	(1919, 'B3-297', 'AVAILABLE', 9, NULL, NULL),
	(1920, 'B3-298', 'AVAILABLE', 9, NULL, NULL),
	(1921, 'B3-299', 'AVAILABLE', 9, NULL, NULL),
	(1922, 'B3-300', 'AVAILABLE', 9, NULL, NULL),
	(1923, 'B3-301', 'AVAILABLE', 9, NULL, NULL),
	(1924, 'B3-302', 'AVAILABLE', 9, NULL, NULL),
	(1925, 'B3-303', 'AVAILABLE', 9, NULL, NULL),
	(1926, 'B3-304', 'AVAILABLE', 9, NULL, NULL),
	(1927, 'B3-305', 'AVAILABLE', 9, NULL, NULL),
	(1928, 'B3-306', 'AVAILABLE', 9, NULL, NULL),
	(1929, 'B3-307', 'AVAILABLE', 9, NULL, NULL),
	(1930, 'B3-308', 'AVAILABLE', 9, NULL, NULL),
	(1931, 'B3-309', 'AVAILABLE', 9, NULL, NULL),
	(1932, 'B3-310', 'AVAILABLE', 9, NULL, NULL),
	(1933, 'B3-311', 'AVAILABLE', 9, NULL, NULL),
	(1934, 'B3-312', 'AVAILABLE', 9, NULL, NULL),
	(1935, 'B3-313', 'AVAILABLE', 9, NULL, NULL),
	(1936, 'B3-314', 'AVAILABLE', 9, NULL, NULL),
	(1937, 'B3-315', 'AVAILABLE', 9, NULL, NULL),
	(1938, 'B3-316', 'AVAILABLE', 9, NULL, NULL),
	(1939, 'B3-317', 'AVAILABLE', 9, NULL, NULL),
	(1940, 'B3-318', 'AVAILABLE', 9, NULL, NULL),
	(1941, 'B3-319', 'AVAILABLE', 9, NULL, NULL),
	(1942, 'B3-320', 'AVAILABLE', 9, NULL, NULL),
	(1943, 'B3-321', 'AVAILABLE', 9, NULL, NULL),
	(1944, 'B3-322', 'AVAILABLE', 9, NULL, NULL),
	(1945, 'B3-323', 'AVAILABLE', 9, NULL, NULL),
	(1946, 'B3-324', 'AVAILABLE', 9, NULL, NULL),
	(1947, 'B3-325', 'AVAILABLE', 9, NULL, NULL),
	(1948, 'B3-326', 'AVAILABLE', 9, NULL, NULL),
	(1949, 'B3-327', 'AVAILABLE', 9, NULL, NULL),
	(1950, 'B3-328', 'AVAILABLE', 9, NULL, NULL),
	(1951, 'B3-329', 'AVAILABLE', 9, NULL, NULL),
	(1952, 'B3-330', 'AVAILABLE', 9, NULL, NULL),
	(1953, 'B3-331', 'AVAILABLE', 9, NULL, NULL),
	(1954, 'B3-332', 'AVAILABLE', 9, NULL, NULL),
	(1955, 'B3-333', 'AVAILABLE', 9, NULL, NULL),
	(1956, 'B3-334', 'AVAILABLE', 9, NULL, NULL),
	(1957, 'B3-335', 'AVAILABLE', 9, NULL, NULL),
	(1958, 'B3-336', 'AVAILABLE', 9, NULL, NULL),
	(1959, 'B3-337', 'AVAILABLE', 9, NULL, NULL),
	(1960, 'B3-338', 'AVAILABLE', 9, NULL, NULL),
	(1961, 'B3-339', 'AVAILABLE', 9, NULL, NULL),
	(1962, 'B3-340', 'AVAILABLE', 9, NULL, NULL),
	(1963, 'B3-341', 'AVAILABLE', 9, NULL, NULL),
	(1964, 'B3-342', 'AVAILABLE', 9, NULL, NULL),
	(1965, 'B3-343', 'AVAILABLE', 9, NULL, NULL),
	(1966, 'B3-344', 'AVAILABLE', 9, NULL, NULL),
	(1967, 'B3-345', 'AVAILABLE', 9, NULL, NULL),
	(1968, 'B3-346', 'AVAILABLE', 9, NULL, NULL),
	(1969, 'B3-347', 'AVAILABLE', 9, NULL, NULL),
	(1970, 'B3-348', 'AVAILABLE', 9, NULL, NULL),
	(1971, 'B3-349', 'AVAILABLE', 9, NULL, NULL),
	(1972, 'B3-350', 'AVAILABLE', 9, NULL, NULL),
	(1973, 'B3-351', 'AVAILABLE', 9, NULL, NULL),
	(1974, 'B3-352', 'AVAILABLE', 9, NULL, NULL),
	(1975, 'B3-353', 'AVAILABLE', 9, NULL, NULL),
	(1976, 'B3-354', 'AVAILABLE', 9, NULL, NULL),
	(1977, 'B3-355', 'AVAILABLE', 9, NULL, NULL),
	(1978, 'B3-356', 'AVAILABLE', 9, NULL, NULL),
	(1979, 'B3-357', 'AVAILABLE', 9, NULL, NULL),
	(1980, 'B3-358', 'AVAILABLE', 9, NULL, NULL),
	(1981, 'B3-359', 'AVAILABLE', 9, NULL, NULL),
	(1982, 'B3-360', 'AVAILABLE', 9, NULL, NULL),
	(1983, 'B3-361', 'AVAILABLE', 9, NULL, NULL),
	(1984, 'B3-362', 'AVAILABLE', 9, NULL, NULL),
	(1985, 'B3-363', 'AVAILABLE', 9, NULL, NULL),
	(1986, 'B3-364', 'AVAILABLE', 9, NULL, NULL),
	(1987, 'B3-365', 'AVAILABLE', 9, NULL, NULL),
	(1988, 'B3-366', 'AVAILABLE', 9, NULL, NULL),
	(1989, 'B3-367', 'AVAILABLE', 9, NULL, NULL),
	(1990, 'B3-368', 'AVAILABLE', 9, NULL, NULL),
	(1991, 'B3-369', 'AVAILABLE', 9, NULL, NULL),
	(1992, 'B3-370', 'AVAILABLE', 9, NULL, NULL),
	(1993, 'B3-371', 'AVAILABLE', 9, NULL, NULL),
	(1994, 'B3-372', 'AVAILABLE', 9, NULL, NULL),
	(1995, 'B3-373', 'AVAILABLE', 9, NULL, NULL),
	(1996, 'B3-374', 'AVAILABLE', 9, NULL, NULL),
	(1997, 'B3-375', 'AVAILABLE', 9, NULL, NULL),
	(1998, 'B3-376', 'AVAILABLE', 9, NULL, NULL),
	(1999, 'B3-377', 'AVAILABLE', 9, NULL, NULL),
	(2000, 'B3-378', 'AVAILABLE', 9, NULL, NULL),
	(2001, 'B3-379', 'AVAILABLE', 9, NULL, NULL),
	(2002, 'B3-380', 'AVAILABLE', 9, NULL, NULL),
	(2003, 'B3-381', 'AVAILABLE', 9, NULL, NULL),
	(2004, 'B3-382', 'AVAILABLE', 9, NULL, NULL),
	(2005, 'B3-383', 'AVAILABLE', 9, NULL, NULL),
	(2006, 'B3-384', 'AVAILABLE', 9, NULL, NULL),
	(2007, 'B3-385', 'AVAILABLE', 9, NULL, NULL),
	(2008, 'B3-386', 'AVAILABLE', 9, NULL, NULL),
	(2009, 'B3-387', 'AVAILABLE', 9, NULL, NULL),
	(2010, 'B3-388', 'AVAILABLE', 9, NULL, NULL),
	(2011, 'B3-389', 'AVAILABLE', 9, NULL, NULL),
	(2012, 'B3-390', 'AVAILABLE', 9, NULL, NULL),
	(2013, 'B3-391', 'AVAILABLE', 9, NULL, NULL),
	(2014, 'B3-392', 'AVAILABLE', 9, NULL, NULL),
	(2015, 'B3-393', 'AVAILABLE', 9, NULL, NULL),
	(2016, 'B3-394', 'AVAILABLE', 9, NULL, NULL),
	(2017, 'B3-395', 'AVAILABLE', 9, NULL, NULL),
	(2018, 'B3-396', 'AVAILABLE', 9, NULL, NULL),
	(2019, 'B3-397', 'AVAILABLE', 9, NULL, NULL),
	(2020, 'B3-398', 'AVAILABLE', 9, NULL, NULL),
	(2021, 'B3-399', 'AVAILABLE', 9, NULL, NULL),
	(2022, 'B3-400', 'AVAILABLE', 9, NULL, NULL),
	(2023, 'B3-401', 'AVAILABLE', 9, NULL, NULL),
	(2024, 'B3-402', 'AVAILABLE', 9, NULL, NULL),
	(2025, 'B3-403', 'AVAILABLE', 9, NULL, NULL),
	(2026, 'B3-404', 'AVAILABLE', 9, NULL, NULL),
	(2027, 'B3-405', 'AVAILABLE', 9, NULL, NULL),
	(2028, 'B3-406', 'AVAILABLE', 9, NULL, NULL),
	(2029, 'B3-407', 'AVAILABLE', 9, NULL, NULL),
	(2030, 'B3-408', 'AVAILABLE', 9, NULL, NULL),
	(2031, 'B3-409', 'AVAILABLE', 9, NULL, NULL),
	(2032, 'B3-410', 'AVAILABLE', 9, NULL, NULL),
	(2033, 'B3-411', 'AVAILABLE', 9, NULL, NULL),
	(2034, 'B3-412', 'AVAILABLE', 9, NULL, NULL),
	(2035, 'B3-413', 'AVAILABLE', 9, NULL, NULL),
	(2036, 'B3-414', 'AVAILABLE', 9, NULL, NULL),
	(2037, 'B3-415', 'AVAILABLE', 9, NULL, NULL),
	(2038, 'B3-416', 'AVAILABLE', 9, NULL, NULL),
	(2039, 'B3-417', 'AVAILABLE', 9, NULL, NULL),
	(2040, 'B3-418', 'AVAILABLE', 9, NULL, NULL),
	(2041, 'B3-419', 'AVAILABLE', 9, NULL, NULL),
	(2042, 'B3-420', 'AVAILABLE', 9, NULL, NULL),
	(2043, 'B3-421', 'AVAILABLE', 9, NULL, NULL),
	(2044, 'B3-422', 'AVAILABLE', 9, NULL, NULL),
	(2045, 'B3-423', 'AVAILABLE', 9, NULL, NULL),
	(2046, 'B3-424', 'AVAILABLE', 9, NULL, NULL),
	(2047, 'B3-425', 'AVAILABLE', 9, NULL, NULL),
	(2048, 'B3-426', 'AVAILABLE', 9, NULL, NULL),
	(2049, 'B3-427', 'AVAILABLE', 9, NULL, NULL),
	(2050, 'B3-428', 'AVAILABLE', 9, NULL, NULL),
	(2051, 'B3-429', 'AVAILABLE', 9, NULL, NULL),
	(2052, 'B3-430', 'AVAILABLE', 9, NULL, NULL),
	(2053, 'B3-431', 'AVAILABLE', 9, NULL, NULL),
	(2054, 'B3-432', 'AVAILABLE', 9, NULL, NULL),
	(2055, 'B3-433', 'AVAILABLE', 9, NULL, NULL),
	(2056, 'B3-434', 'AVAILABLE', 9, NULL, NULL),
	(2057, 'B3-435', 'AVAILABLE', 9, NULL, NULL),
	(2058, 'B3-436', 'AVAILABLE', 9, NULL, NULL),
	(2059, 'B3-437', 'AVAILABLE', 9, NULL, NULL),
	(2060, 'B3-438', 'AVAILABLE', 9, NULL, NULL),
	(2061, 'B3-439', 'AVAILABLE', 9, NULL, NULL),
	(2062, 'B3-440', 'AVAILABLE', 9, NULL, NULL),
	(2063, 'B3-441', 'AVAILABLE', 9, NULL, NULL),
	(2064, 'B3-442', 'AVAILABLE', 9, NULL, NULL),
	(2065, 'CI-1', 'UNAVAILABLE', 10, NULL, '2022-11-19 12:17:33'),
	(2066, 'CI-2', 'UNAVAILABLE', 10, NULL, '2022-11-19 12:17:33'),
	(2067, 'CI-3', 'UNAVAILABLE', 10, NULL, '2022-11-19 12:17:33'),
	(2068, 'CI-4', 'AVAILABLE', 10, NULL, NULL),
	(2069, 'CI-5', 'AVAILABLE', 10, NULL, NULL),
	(2070, 'CI-6', 'AVAILABLE', 10, NULL, NULL),
	(2071, 'CI-7', 'AVAILABLE', 10, NULL, NULL),
	(2072, 'CI-8', 'AVAILABLE', 10, NULL, NULL),
	(2073, 'CI-9', 'AVAILABLE', 10, NULL, NULL),
	(2074, 'CI-10', 'AVAILABLE', 10, NULL, NULL),
	(2075, 'CI-11', 'AVAILABLE', 10, NULL, NULL),
	(2076, 'CI-12', 'AVAILABLE', 10, NULL, NULL),
	(2077, 'CI-13', 'AVAILABLE', 10, NULL, NULL),
	(2078, 'CI-14', 'AVAILABLE', 10, NULL, NULL),
	(2079, 'CI-15', 'AVAILABLE', 10, NULL, NULL),
	(2080, 'CI-16', 'AVAILABLE', 10, NULL, NULL),
	(2081, 'CI-17', 'AVAILABLE', 10, NULL, NULL),
	(2082, 'CI-18', 'AVAILABLE', 10, NULL, NULL),
	(2083, 'CI-19', 'AVAILABLE', 10, NULL, NULL),
	(2084, 'CI-20', 'AVAILABLE', 10, NULL, NULL),
	(2085, 'CI-21', 'AVAILABLE', 10, NULL, NULL),
	(2086, 'CI-22', 'AVAILABLE', 10, NULL, NULL),
	(2087, 'CI-23', 'AVAILABLE', 10, NULL, NULL),
	(2088, 'CI-24', 'AVAILABLE', 10, NULL, NULL),
	(2089, 'CI-25', 'AVAILABLE', 10, NULL, NULL),
	(2090, 'CI-26', 'AVAILABLE', 10, NULL, NULL),
	(2091, 'CI-27', 'AVAILABLE', 10, NULL, NULL),
	(2092, 'CI-28', 'AVAILABLE', 10, NULL, NULL),
	(2093, 'CI-29', 'AVAILABLE', 10, NULL, NULL),
	(2094, 'CI-30', 'AVAILABLE', 10, NULL, NULL),
	(2095, 'CI-31', 'AVAILABLE', 10, NULL, NULL),
	(2096, 'CI-32', 'AVAILABLE', 10, NULL, NULL),
	(2097, 'CI-33', 'AVAILABLE', 10, NULL, NULL),
	(2098, 'CI-34', 'AVAILABLE', 10, NULL, NULL),
	(2099, 'CI-35', 'AVAILABLE', 10, NULL, NULL),
	(2100, 'CI-36', 'AVAILABLE', 10, NULL, NULL),
	(2101, 'CI-37', 'AVAILABLE', 10, NULL, NULL),
	(2102, 'CI-38', 'AVAILABLE', 10, NULL, NULL),
	(2103, 'CI-39', 'AVAILABLE', 10, NULL, NULL),
	(2104, 'CI-40', 'AVAILABLE', 10, NULL, NULL),
	(2105, 'CI-41', 'AVAILABLE', 10, NULL, NULL),
	(2106, 'CI-42', 'AVAILABLE', 10, NULL, NULL),
	(2107, 'CI-43', 'AVAILABLE', 10, NULL, NULL),
	(2108, 'CI-44', 'AVAILABLE', 10, NULL, NULL),
	(2109, 'CI-45', 'AVAILABLE', 10, NULL, NULL),
	(2110, 'CI-46', 'AVAILABLE', 10, NULL, NULL),
	(2111, 'CI-47', 'AVAILABLE', 10, NULL, NULL),
	(2112, 'CI-48', 'AVAILABLE', 10, NULL, NULL),
	(2113, 'CI-49', 'AVAILABLE', 10, NULL, NULL),
	(2114, 'CI-50', 'AVAILABLE', 10, NULL, NULL),
	(2115, 'CI-51', 'AVAILABLE', 10, NULL, NULL),
	(2116, 'CI-52', 'AVAILABLE', 10, NULL, NULL),
	(2117, 'CI-53', 'AVAILABLE', 10, NULL, NULL),
	(2118, 'CI-54', 'AVAILABLE', 10, NULL, NULL),
	(2119, 'CI-55', 'AVAILABLE', 10, NULL, NULL),
	(2120, 'CI-56', 'AVAILABLE', 10, NULL, NULL),
	(2121, 'CI-57', 'AVAILABLE', 10, NULL, NULL),
	(2122, 'CI-58', 'AVAILABLE', 10, NULL, NULL),
	(2123, 'CI-59', 'AVAILABLE', 10, NULL, NULL),
	(2124, 'CI-60', 'AVAILABLE', 10, NULL, NULL),
	(2125, 'CI-61', 'AVAILABLE', 10, NULL, NULL),
	(2126, 'CI-62', 'AVAILABLE', 10, NULL, NULL),
	(2127, 'CI-63', 'AVAILABLE', 10, NULL, NULL),
	(2128, 'CI-64', 'AVAILABLE', 10, NULL, NULL),
	(2129, 'CI-65', 'AVAILABLE', 10, NULL, NULL),
	(2130, 'CI-66', 'AVAILABLE', 10, NULL, NULL),
	(2131, 'CI-67', 'AVAILABLE', 10, NULL, NULL),
	(2132, 'CI-68', 'AVAILABLE', 10, NULL, NULL),
	(2133, 'CI-69', 'AVAILABLE', 10, NULL, NULL),
	(2134, 'CI-70', 'AVAILABLE', 10, NULL, NULL),
	(2135, 'CI-71', 'AVAILABLE', 10, NULL, NULL),
	(2136, 'CI-72', 'AVAILABLE', 10, NULL, NULL),
	(2137, 'CI-73', 'AVAILABLE', 10, NULL, NULL),
	(2138, 'CI-74', 'AVAILABLE', 10, NULL, NULL),
	(2139, 'CI-75', 'AVAILABLE', 10, NULL, NULL),
	(2140, 'CI-76', 'AVAILABLE', 10, NULL, NULL),
	(2141, 'CI-77', 'AVAILABLE', 10, NULL, NULL),
	(2142, 'CI-78', 'AVAILABLE', 10, NULL, NULL),
	(2143, 'CI-79', 'AVAILABLE', 10, NULL, NULL),
	(2144, 'CI-80', 'AVAILABLE', 10, NULL, NULL),
	(2145, 'CI-81', 'AVAILABLE', 10, NULL, NULL),
	(2146, 'CI-82', 'AVAILABLE', 10, NULL, NULL),
	(2147, 'CI-83', 'AVAILABLE', 10, NULL, NULL),
	(2148, 'CI-84', 'AVAILABLE', 10, NULL, NULL),
	(2149, 'CI-85', 'AVAILABLE', 10, NULL, NULL),
	(2150, 'CI-86', 'AVAILABLE', 10, NULL, NULL),
	(2151, 'CI-87', 'AVAILABLE', 10, NULL, NULL),
	(2152, 'CI-88', 'AVAILABLE', 10, NULL, NULL),
	(2153, 'CI-89', 'AVAILABLE', 10, NULL, NULL),
	(2154, 'CI-90', 'AVAILABLE', 10, NULL, NULL),
	(2155, 'CI-91', 'AVAILABLE', 10, NULL, NULL),
	(2156, 'CI-92', 'AVAILABLE', 10, NULL, NULL),
	(2157, 'CI-93', 'AVAILABLE', 10, NULL, NULL),
	(2158, 'CI-94', 'AVAILABLE', 10, NULL, NULL),
	(2159, 'CI-95', 'AVAILABLE', 10, NULL, NULL),
	(2160, 'CI-96', 'AVAILABLE', 10, NULL, NULL),
	(2161, 'CI-97', 'AVAILABLE', 10, NULL, NULL),
	(2162, 'CI-98', 'AVAILABLE', 10, NULL, NULL),
	(2163, 'CI-99', 'AVAILABLE', 10, NULL, NULL),
	(2164, 'CI-100', 'AVAILABLE', 10, NULL, NULL),
	(2165, 'CI-101', 'AVAILABLE', 10, NULL, NULL),
	(2166, 'CI-102', 'AVAILABLE', 10, NULL, NULL),
	(2167, 'CI-103', 'AVAILABLE', 10, NULL, NULL),
	(2168, 'CI-104', 'AVAILABLE', 10, NULL, NULL),
	(2169, 'CI-105', 'AVAILABLE', 10, NULL, NULL),
	(2170, 'CI-106', 'AVAILABLE', 10, NULL, NULL),
	(2171, 'CI-107', 'AVAILABLE', 10, NULL, NULL),
	(2172, 'CI-108', 'AVAILABLE', 10, NULL, NULL),
	(2173, 'CI-109', 'AVAILABLE', 10, NULL, NULL),
	(2174, 'CI-110', 'AVAILABLE', 10, NULL, NULL),
	(2175, 'CI-111', 'AVAILABLE', 10, NULL, NULL),
	(2176, 'CI-112', 'AVAILABLE', 10, NULL, NULL),
	(2177, 'CI-113', 'AVAILABLE', 10, NULL, NULL),
	(2178, 'CI-114', 'AVAILABLE', 10, NULL, NULL),
	(2179, 'CI-115', 'AVAILABLE', 10, NULL, NULL),
	(2180, 'CI-116', 'AVAILABLE', 10, NULL, NULL),
	(2181, 'CI-117', 'AVAILABLE', 10, NULL, NULL),
	(2182, 'CI-118', 'AVAILABLE', 10, NULL, NULL),
	(2183, 'CI-119', 'AVAILABLE', 10, NULL, NULL),
	(2184, 'CI-120', 'AVAILABLE', 10, NULL, NULL),
	(2185, 'CI-121', 'AVAILABLE', 10, NULL, NULL),
	(2186, 'CI-122', 'AVAILABLE', 10, NULL, NULL),
	(2187, 'CI-123', 'AVAILABLE', 10, NULL, NULL),
	(2188, 'CI-124', 'AVAILABLE', 10, NULL, NULL),
	(2189, 'CI-125', 'AVAILABLE', 10, NULL, NULL),
	(2190, 'CI-126', 'AVAILABLE', 10, NULL, NULL),
	(2191, 'CI-127', 'AVAILABLE', 10, NULL, NULL),
	(2192, 'CI-128', 'AVAILABLE', 10, NULL, NULL),
	(2193, 'CI-129', 'AVAILABLE', 10, NULL, NULL),
	(2194, 'CI-130', 'AVAILABLE', 10, NULL, NULL),
	(2195, 'CI-131', 'AVAILABLE', 10, NULL, NULL),
	(2196, 'CI-132', 'AVAILABLE', 10, NULL, NULL),
	(2197, 'CI-133', 'AVAILABLE', 10, NULL, NULL),
	(2198, 'CI-134', 'AVAILABLE', 10, NULL, NULL),
	(2199, 'CI-135', 'AVAILABLE', 10, NULL, NULL),
	(2200, 'CI-136', 'AVAILABLE', 10, NULL, NULL),
	(2201, 'CI-137', 'AVAILABLE', 10, NULL, NULL),
	(2202, 'CI-138', 'AVAILABLE', 10, NULL, NULL),
	(2203, 'CI-139', 'AVAILABLE', 10, NULL, NULL),
	(2204, 'CI-140', 'AVAILABLE', 10, NULL, NULL),
	(2205, 'CI-141', 'AVAILABLE', 10, NULL, NULL),
	(2206, 'CI-142', 'AVAILABLE', 10, NULL, NULL),
	(2207, 'CI-143', 'AVAILABLE', 10, NULL, NULL),
	(2208, 'CI-144', 'AVAILABLE', 10, NULL, NULL),
	(2209, 'CI-145', 'AVAILABLE', 10, NULL, NULL),
	(2210, 'CI-146', 'AVAILABLE', 10, NULL, NULL),
	(2211, 'CI-147', 'AVAILABLE', 10, NULL, NULL),
	(2212, 'CI-148', 'AVAILABLE', 10, NULL, NULL),
	(2213, 'CI-149', 'AVAILABLE', 10, NULL, NULL),
	(2214, 'CI-150', 'AVAILABLE', 10, NULL, NULL),
	(2215, 'CI-151', 'AVAILABLE', 10, NULL, NULL),
	(2216, 'CI-152', 'AVAILABLE', 10, NULL, NULL),
	(2217, 'CI-153', 'AVAILABLE', 10, NULL, NULL),
	(2218, 'CI-154', 'AVAILABLE', 10, NULL, NULL),
	(2219, 'CI-155', 'AVAILABLE', 10, NULL, NULL),
	(2220, 'CI-156', 'AVAILABLE', 10, NULL, NULL),
	(2221, 'CI-157', 'AVAILABLE', 10, NULL, NULL),
	(2222, 'CI-158', 'AVAILABLE', 10, NULL, NULL),
	(2223, 'CI-159', 'AVAILABLE', 10, NULL, NULL),
	(2224, 'CI-160', 'AVAILABLE', 10, NULL, NULL),
	(2225, 'CI-161', 'AVAILABLE', 10, NULL, NULL),
	(2226, 'CI-162', 'AVAILABLE', 10, NULL, NULL),
	(2227, 'CI-163', 'AVAILABLE', 10, NULL, NULL),
	(2228, 'CI-164', 'AVAILABLE', 10, NULL, NULL),
	(2229, 'CI-165', 'AVAILABLE', 10, NULL, NULL),
	(2230, 'CI-166', 'AVAILABLE', 10, NULL, NULL),
	(2231, 'CI-167', 'AVAILABLE', 10, NULL, NULL),
	(2232, 'CI-168', 'AVAILABLE', 10, NULL, NULL),
	(2233, 'CI-169', 'AVAILABLE', 10, NULL, NULL),
	(2234, 'CI-170', 'AVAILABLE', 10, NULL, NULL),
	(2235, 'CI-171', 'AVAILABLE', 10, NULL, NULL),
	(2236, 'CI-172', 'AVAILABLE', 10, NULL, NULL),
	(2237, 'CI-173', 'AVAILABLE', 10, NULL, NULL),
	(2238, 'CI-174', 'AVAILABLE', 10, NULL, NULL),
	(2239, 'CI-175', 'AVAILABLE', 10, NULL, NULL),
	(2240, 'CI-176', 'AVAILABLE', 10, NULL, NULL),
	(2241, 'CI-177', 'AVAILABLE', 10, NULL, NULL),
	(2242, 'CI-178', 'AVAILABLE', 10, NULL, NULL),
	(2243, 'CI-179', 'AVAILABLE', 10, NULL, NULL),
	(2244, 'CI-180', 'AVAILABLE', 10, NULL, NULL),
	(2245, 'CI-181', 'AVAILABLE', 10, NULL, NULL),
	(2246, 'CI-182', 'AVAILABLE', 10, NULL, NULL),
	(2247, 'CI-183', 'AVAILABLE', 10, NULL, NULL),
	(2248, 'CI-184', 'AVAILABLE', 10, NULL, NULL),
	(2249, 'CI-185', 'AVAILABLE', 10, NULL, NULL),
	(2250, 'CI-186', 'AVAILABLE', 10, NULL, NULL),
	(2251, 'CI-187', 'AVAILABLE', 10, NULL, NULL),
	(2252, 'CI-188', 'AVAILABLE', 10, NULL, NULL),
	(2253, 'CI-189', 'AVAILABLE', 10, NULL, NULL),
	(2254, 'CI-190', 'AVAILABLE', 10, NULL, NULL),
	(2255, 'CI-191', 'AVAILABLE', 10, NULL, NULL),
	(2256, 'CI-192', 'AVAILABLE', 10, NULL, NULL),
	(2257, 'CI-193', 'AVAILABLE', 10, NULL, NULL),
	(2258, 'CI-194', 'AVAILABLE', 10, NULL, NULL),
	(2259, 'CI-195', 'AVAILABLE', 10, NULL, NULL),
	(2260, 'CI-196', 'AVAILABLE', 10, NULL, NULL),
	(2261, 'CI-197', 'AVAILABLE', 10, NULL, NULL),
	(2262, 'CI-198', 'AVAILABLE', 10, NULL, NULL),
	(2263, 'CI-199', 'AVAILABLE', 10, NULL, NULL),
	(2264, 'CI-200', 'AVAILABLE', 10, NULL, NULL),
	(2265, 'CI-201', 'AVAILABLE', 10, NULL, NULL),
	(2266, 'CI-202', 'AVAILABLE', 10, NULL, NULL),
	(2267, 'CI-203', 'AVAILABLE', 10, NULL, NULL),
	(2268, 'CI-204', 'AVAILABLE', 10, NULL, NULL),
	(2269, 'CI-205', 'AVAILABLE', 10, NULL, NULL),
	(2270, 'CI-206', 'AVAILABLE', 10, NULL, NULL),
	(2271, 'CI-207', 'AVAILABLE', 10, NULL, NULL),
	(2272, 'CI-208', 'AVAILABLE', 10, NULL, NULL),
	(2273, 'CI-209', 'AVAILABLE', 10, NULL, NULL),
	(2274, 'CI-210', 'AVAILABLE', 10, NULL, NULL),
	(2275, 'CI-211', 'AVAILABLE', 10, NULL, NULL),
	(2276, 'CI-212', 'AVAILABLE', 10, NULL, NULL),
	(2277, 'CI-213', 'AVAILABLE', 10, NULL, NULL),
	(2278, 'CI-214', 'AVAILABLE', 10, NULL, NULL),
	(2279, 'CI-215', 'AVAILABLE', 10, NULL, NULL),
	(2280, 'CI-216', 'AVAILABLE', 10, NULL, NULL),
	(2281, 'CI-217', 'AVAILABLE', 10, NULL, NULL),
	(2282, 'CI-218', 'AVAILABLE', 10, NULL, NULL),
	(2283, 'CI-219', 'AVAILABLE', 10, NULL, NULL),
	(2284, 'CI-220', 'AVAILABLE', 10, NULL, NULL),
	(2285, 'CI-221', 'AVAILABLE', 10, NULL, NULL),
	(2286, 'CI-222', 'AVAILABLE', 10, NULL, NULL),
	(2287, 'CI-223', 'AVAILABLE', 10, NULL, NULL),
	(2288, 'CI-224', 'AVAILABLE', 10, NULL, NULL),
	(2289, 'CI-225', 'AVAILABLE', 10, NULL, NULL),
	(2290, 'CI-226', 'AVAILABLE', 10, NULL, NULL),
	(2291, 'CI-227', 'AVAILABLE', 10, NULL, NULL),
	(2292, 'CI-228', 'AVAILABLE', 10, NULL, NULL),
	(2293, 'CI-229', 'AVAILABLE', 10, NULL, NULL),
	(2294, 'CI-230', 'AVAILABLE', 10, NULL, NULL),
	(2295, 'CI-231', 'AVAILABLE', 10, NULL, NULL),
	(2296, 'CI-232', 'AVAILABLE', 10, NULL, NULL),
	(2297, 'CI-233', 'AVAILABLE', 10, NULL, NULL),
	(2298, 'CI-234', 'AVAILABLE', 10, NULL, NULL),
	(2299, 'CI-235', 'AVAILABLE', 10, NULL, NULL),
	(2300, 'CI-236', 'AVAILABLE', 10, NULL, NULL),
	(2301, 'CI-237', 'AVAILABLE', 10, NULL, NULL),
	(2302, 'CI-238', 'AVAILABLE', 10, NULL, NULL),
	(2303, 'CI-239', 'AVAILABLE', 10, NULL, NULL),
	(2304, 'CI-240', 'AVAILABLE', 10, NULL, NULL),
	(2305, 'CI-241', 'AVAILABLE', 10, NULL, NULL),
	(2306, 'CI-242', 'AVAILABLE', 10, NULL, NULL),
	(2307, 'CI-243', 'AVAILABLE', 10, NULL, NULL),
	(2308, 'CI-244', 'AVAILABLE', 10, NULL, NULL),
	(2309, 'CI-245', 'AVAILABLE', 10, NULL, NULL),
	(2310, 'CI-246', 'AVAILABLE', 10, NULL, NULL),
	(2311, 'CI-247', 'AVAILABLE', 10, NULL, NULL),
	(2312, 'CI-248', 'AVAILABLE', 10, NULL, NULL),
	(2313, 'CI-249', 'AVAILABLE', 10, NULL, NULL),
	(2314, 'CI-250', 'AVAILABLE', 10, NULL, NULL),
	(2315, 'CI-251', 'AVAILABLE', 10, NULL, NULL),
	(2316, 'CI-252', 'AVAILABLE', 10, NULL, NULL),
	(2317, 'CI-253', 'AVAILABLE', 10, NULL, NULL),
	(2318, 'CI-254', 'AVAILABLE', 10, NULL, NULL),
	(2319, 'CI-255', 'AVAILABLE', 10, NULL, NULL),
	(2320, 'CI-256', 'AVAILABLE', 10, NULL, NULL),
	(2321, 'CI-257', 'AVAILABLE', 10, NULL, NULL),
	(2322, 'CI-258', 'AVAILABLE', 10, NULL, NULL),
	(2323, 'CI-259', 'AVAILABLE', 10, NULL, NULL),
	(2324, 'CI-260', 'AVAILABLE', 10, NULL, NULL),
	(2325, 'CI-261', 'AVAILABLE', 10, NULL, NULL),
	(2326, 'CI-262', 'AVAILABLE', 10, NULL, NULL),
	(2327, 'CI-263', 'AVAILABLE', 10, NULL, NULL),
	(2328, 'CI-264', 'AVAILABLE', 10, NULL, NULL),
	(2329, 'CI-265', 'AVAILABLE', 10, NULL, NULL),
	(2330, 'CI-266', 'AVAILABLE', 10, NULL, NULL),
	(2331, 'CI-267', 'AVAILABLE', 10, NULL, NULL),
	(2332, 'CI-268', 'AVAILABLE', 10, NULL, NULL),
	(2333, 'CI-269', 'AVAILABLE', 10, NULL, NULL),
	(2334, 'CI-270', 'AVAILABLE', 10, NULL, NULL),
	(2335, 'CI-271', 'AVAILABLE', 10, NULL, NULL),
	(2336, 'CI-272', 'AVAILABLE', 10, NULL, NULL),
	(2337, 'CI-273', 'AVAILABLE', 10, NULL, NULL),
	(2338, 'CI-274', 'AVAILABLE', 10, NULL, NULL),
	(2339, 'CI-275', 'AVAILABLE', 10, NULL, NULL),
	(2340, 'CI-276', 'AVAILABLE', 10, NULL, NULL),
	(2341, 'CI-277', 'AVAILABLE', 10, NULL, NULL),
	(2342, 'CI-278', 'AVAILABLE', 10, NULL, NULL),
	(2343, 'CI-279', 'AVAILABLE', 10, NULL, NULL),
	(2344, 'CI-280', 'AVAILABLE', 10, NULL, NULL),
	(2345, 'CI-281', 'AVAILABLE', 10, NULL, NULL),
	(2346, 'CI-282', 'AVAILABLE', 10, NULL, NULL),
	(2347, 'CI-283', 'AVAILABLE', 10, NULL, NULL),
	(2348, 'CI-284', 'AVAILABLE', 10, NULL, NULL),
	(2349, 'CI-285', 'AVAILABLE', 10, NULL, NULL),
	(2350, 'CI-286', 'AVAILABLE', 10, NULL, NULL),
	(2351, 'CI-287', 'AVAILABLE', 10, NULL, NULL),
	(2352, 'CI-288', 'AVAILABLE', 10, NULL, NULL),
	(2353, 'CI-289', 'AVAILABLE', 10, NULL, NULL),
	(2354, 'CI-290', 'AVAILABLE', 10, NULL, NULL),
	(2355, 'CI-291', 'AVAILABLE', 10, NULL, NULL),
	(2356, 'CI-292', 'AVAILABLE', 10, NULL, NULL),
	(2357, 'CI-293', 'AVAILABLE', 10, NULL, NULL),
	(2358, 'CI-294', 'AVAILABLE', 10, NULL, NULL),
	(2359, 'CI-295', 'AVAILABLE', 10, NULL, NULL),
	(2360, 'CI-296', 'AVAILABLE', 10, NULL, NULL),
	(2361, 'CI-297', 'AVAILABLE', 10, NULL, NULL),
	(2362, 'CI-298', 'AVAILABLE', 10, NULL, NULL),
	(2363, 'CI-299', 'AVAILABLE', 10, NULL, NULL),
	(2364, 'CI-300', 'AVAILABLE', 10, NULL, NULL),
	(2365, 'CI-301', 'AVAILABLE', 10, NULL, NULL),
	(2366, 'CI-302', 'AVAILABLE', 10, NULL, NULL),
	(2367, 'CI-303', 'AVAILABLE', 10, NULL, NULL),
	(2368, 'CI-304', 'AVAILABLE', 10, NULL, NULL),
	(2369, 'CI-305', 'AVAILABLE', 10, NULL, NULL),
	(2370, 'CI-306', 'AVAILABLE', 10, NULL, NULL),
	(2371, 'CI-307', 'AVAILABLE', 10, NULL, NULL),
	(2372, 'CI-308', 'AVAILABLE', 10, NULL, NULL),
	(2373, 'CI-309', 'AVAILABLE', 10, NULL, NULL),
	(2374, 'CI-310', 'AVAILABLE', 10, NULL, NULL),
	(2375, 'CI-311', 'AVAILABLE', 10, NULL, NULL),
	(2376, 'CI-312', 'AVAILABLE', 10, NULL, NULL),
	(2377, 'C2-1', 'AVAILABLE', 11, NULL, NULL),
	(2378, 'C2-2', 'AVAILABLE', 11, NULL, NULL),
	(2379, 'C2-3', 'AVAILABLE', 11, NULL, NULL),
	(2380, 'C2-4', 'AVAILABLE', 11, NULL, NULL),
	(2381, 'C2-5', 'AVAILABLE', 11, NULL, NULL),
	(2382, 'C2-6', 'AVAILABLE', 11, NULL, NULL),
	(2383, 'C2-7', 'AVAILABLE', 11, NULL, NULL),
	(2384, 'C2-8', 'AVAILABLE', 11, NULL, NULL),
	(2385, 'C2-9', 'AVAILABLE', 11, NULL, NULL),
	(2386, 'C2-10', 'AVAILABLE', 11, NULL, NULL),
	(2387, 'C2-11', 'AVAILABLE', 11, NULL, NULL),
	(2388, 'C2-12', 'AVAILABLE', 11, NULL, NULL),
	(2389, 'C2-13', 'AVAILABLE', 11, NULL, NULL),
	(2390, 'C2-14', 'AVAILABLE', 11, NULL, NULL),
	(2391, 'C2-15', 'AVAILABLE', 11, NULL, NULL),
	(2392, 'C2-16', 'AVAILABLE', 11, NULL, NULL),
	(2393, 'C2-17', 'AVAILABLE', 11, NULL, NULL),
	(2394, 'C2-18', 'AVAILABLE', 11, NULL, NULL),
	(2395, 'C2-19', 'AVAILABLE', 11, NULL, NULL),
	(2396, 'C2-20', 'AVAILABLE', 11, NULL, NULL),
	(2397, 'C2-21', 'AVAILABLE', 11, NULL, NULL),
	(2398, 'C2-22', 'AVAILABLE', 11, NULL, NULL),
	(2399, 'C2-23', 'AVAILABLE', 11, NULL, NULL),
	(2400, 'C2-24', 'AVAILABLE', 11, NULL, NULL),
	(2401, 'C2-25', 'AVAILABLE', 11, NULL, NULL),
	(2402, 'C2-26', 'AVAILABLE', 11, NULL, NULL),
	(2403, 'C2-27', 'AVAILABLE', 11, NULL, NULL),
	(2404, 'C2-28', 'AVAILABLE', 11, NULL, NULL),
	(2405, 'C2-29', 'AVAILABLE', 11, NULL, NULL),
	(2406, 'C2-30', 'AVAILABLE', 11, NULL, NULL),
	(2407, 'C2-31', 'AVAILABLE', 11, NULL, NULL),
	(2408, 'C2-32', 'AVAILABLE', 11, NULL, NULL),
	(2409, 'C2-33', 'AVAILABLE', 11, NULL, NULL),
	(2410, 'C2-34', 'AVAILABLE', 11, NULL, NULL),
	(2411, 'C2-35', 'AVAILABLE', 11, NULL, NULL),
	(2412, 'C2-36', 'AVAILABLE', 11, NULL, NULL),
	(2413, 'C2-37', 'AVAILABLE', 11, NULL, NULL),
	(2414, 'C2-38', 'AVAILABLE', 11, NULL, NULL),
	(2415, 'C2-39', 'AVAILABLE', 11, NULL, NULL),
	(2416, 'C2-40', 'AVAILABLE', 11, NULL, NULL),
	(2417, 'C2-41', 'AVAILABLE', 11, NULL, NULL),
	(2418, 'C2-42', 'AVAILABLE', 11, NULL, NULL),
	(2419, 'C2-43', 'AVAILABLE', 11, NULL, NULL),
	(2420, 'C2-44', 'AVAILABLE', 11, NULL, NULL),
	(2421, 'C2-45', 'AVAILABLE', 11, NULL, NULL),
	(2422, 'C2-46', 'AVAILABLE', 11, NULL, NULL),
	(2423, 'C2-47', 'AVAILABLE', 11, NULL, NULL),
	(2424, 'C2-48', 'AVAILABLE', 11, NULL, NULL),
	(2425, 'C2-49', 'AVAILABLE', 11, NULL, NULL),
	(2426, 'C2-50', 'AVAILABLE', 11, NULL, NULL),
	(2427, 'C2-51', 'AVAILABLE', 11, NULL, NULL),
	(2428, 'C2-52', 'AVAILABLE', 11, NULL, NULL),
	(2429, 'C2-53', 'AVAILABLE', 11, NULL, NULL),
	(2430, 'C2-54', 'AVAILABLE', 11, NULL, NULL),
	(2431, 'C2-55', 'AVAILABLE', 11, NULL, NULL),
	(2432, 'C2-56', 'AVAILABLE', 11, NULL, NULL),
	(2433, 'C2-57', 'AVAILABLE', 11, NULL, NULL),
	(2434, 'C2-58', 'AVAILABLE', 11, NULL, NULL),
	(2435, 'C2-59', 'AVAILABLE', 11, NULL, NULL),
	(2436, 'C2-60', 'AVAILABLE', 11, NULL, NULL),
	(2437, 'C2-61', 'AVAILABLE', 11, NULL, NULL),
	(2438, 'C2-62', 'AVAILABLE', 11, NULL, NULL),
	(2439, 'C2-63', 'AVAILABLE', 11, NULL, NULL),
	(2440, 'C2-64', 'AVAILABLE', 11, NULL, NULL),
	(2441, 'C2-65', 'AVAILABLE', 11, NULL, NULL),
	(2442, 'C2-66', 'AVAILABLE', 11, NULL, NULL),
	(2443, 'C2-67', 'AVAILABLE', 11, NULL, NULL),
	(2444, 'C2-68', 'AVAILABLE', 11, NULL, NULL),
	(2445, 'C2-69', 'AVAILABLE', 11, NULL, NULL),
	(2446, 'C2-70', 'AVAILABLE', 11, NULL, NULL),
	(2447, 'C2-71', 'AVAILABLE', 11, NULL, NULL),
	(2448, 'C2-72', 'AVAILABLE', 11, NULL, NULL),
	(2449, 'C2-73', 'AVAILABLE', 11, NULL, NULL),
	(2450, 'C2-74', 'AVAILABLE', 11, NULL, NULL),
	(2451, 'C2-75', 'AVAILABLE', 11, NULL, NULL),
	(2452, 'C2-76', 'AVAILABLE', 11, NULL, NULL),
	(2453, 'C2-77', 'AVAILABLE', 11, NULL, NULL),
	(2454, 'C2-78', 'AVAILABLE', 11, NULL, NULL),
	(2455, 'C2-79', 'AVAILABLE', 11, NULL, NULL),
	(2456, 'C2-80', 'AVAILABLE', 11, NULL, NULL),
	(2457, 'C2-81', 'AVAILABLE', 11, NULL, NULL),
	(2458, 'C2-82', 'AVAILABLE', 11, NULL, NULL),
	(2459, 'C2-83', 'AVAILABLE', 11, NULL, NULL),
	(2460, 'C2-84', 'AVAILABLE', 11, NULL, NULL),
	(2461, 'C2-85', 'AVAILABLE', 11, NULL, NULL),
	(2462, 'C2-86', 'AVAILABLE', 11, NULL, NULL),
	(2463, 'C2-87', 'AVAILABLE', 11, NULL, NULL),
	(2464, 'C2-88', 'AVAILABLE', 11, NULL, NULL),
	(2465, 'C2-89', 'AVAILABLE', 11, NULL, NULL),
	(2466, 'C2-90', 'AVAILABLE', 11, NULL, NULL),
	(2467, 'C2-91', 'AVAILABLE', 11, NULL, NULL),
	(2468, 'C2-92', 'AVAILABLE', 11, NULL, NULL),
	(2469, 'C2-93', 'AVAILABLE', 11, NULL, NULL),
	(2470, 'C2-94', 'AVAILABLE', 11, NULL, NULL),
	(2471, 'C2-95', 'AVAILABLE', 11, NULL, NULL),
	(2472, 'C2-96', 'AVAILABLE', 11, NULL, NULL),
	(2473, 'C2-97', 'AVAILABLE', 11, NULL, NULL),
	(2474, 'C2-98', 'AVAILABLE', 11, NULL, NULL),
	(2475, 'C2-99', 'AVAILABLE', 11, NULL, NULL),
	(2476, 'C2-100', 'AVAILABLE', 11, NULL, NULL),
	(2477, 'C2-101', 'AVAILABLE', 11, NULL, NULL),
	(2478, 'C2-102', 'AVAILABLE', 11, NULL, NULL),
	(2479, 'C2-103', 'AVAILABLE', 11, NULL, NULL),
	(2480, 'C2-104', 'AVAILABLE', 11, NULL, NULL),
	(2481, 'C2-105', 'AVAILABLE', 11, NULL, NULL),
	(2482, 'C2-106', 'AVAILABLE', 11, NULL, NULL),
	(2483, 'C2-107', 'AVAILABLE', 11, NULL, NULL),
	(2484, 'C2-108', 'AVAILABLE', 11, NULL, NULL),
	(2485, 'C2-109', 'AVAILABLE', 11, NULL, NULL),
	(2486, 'C2-110', 'AVAILABLE', 11, NULL, NULL),
	(2487, 'C2-111', 'AVAILABLE', 11, NULL, NULL),
	(2488, 'C2-112', 'AVAILABLE', 11, NULL, NULL),
	(2489, 'C2-113', 'AVAILABLE', 11, NULL, NULL),
	(2490, 'C2-114', 'AVAILABLE', 11, NULL, NULL),
	(2491, 'C2-115', 'AVAILABLE', 11, NULL, NULL),
	(2492, 'C2-116', 'AVAILABLE', 11, NULL, NULL),
	(2493, 'C2-117', 'AVAILABLE', 11, NULL, NULL),
	(2494, 'C2-118', 'AVAILABLE', 11, NULL, NULL),
	(2495, 'C2-119', 'AVAILABLE', 11, NULL, NULL),
	(2496, 'C2-120', 'AVAILABLE', 11, NULL, NULL),
	(2497, 'C2-121', 'AVAILABLE', 11, NULL, NULL),
	(2498, 'C2-122', 'AVAILABLE', 11, NULL, NULL),
	(2499, 'C2-123', 'AVAILABLE', 11, NULL, NULL),
	(2500, 'C2-124', 'AVAILABLE', 11, NULL, NULL),
	(2501, 'C2-125', 'AVAILABLE', 11, NULL, NULL),
	(2502, 'C2-126', 'AVAILABLE', 11, NULL, NULL),
	(2503, 'C2-127', 'AVAILABLE', 11, NULL, NULL),
	(2504, 'C2-128', 'AVAILABLE', 11, NULL, NULL),
	(2505, 'C2-129', 'AVAILABLE', 11, NULL, NULL),
	(2506, 'C2-130', 'AVAILABLE', 11, NULL, NULL),
	(2507, 'C2-131', 'AVAILABLE', 11, NULL, NULL),
	(2508, 'C2-132', 'AVAILABLE', 11, NULL, NULL),
	(2509, 'C2-133', 'AVAILABLE', 11, NULL, NULL),
	(2510, 'C2-134', 'AVAILABLE', 11, NULL, NULL),
	(2511, 'C2-135', 'AVAILABLE', 11, NULL, NULL),
	(2512, 'C2-136', 'AVAILABLE', 11, NULL, NULL),
	(2513, 'C2-137', 'AVAILABLE', 11, NULL, NULL),
	(2514, 'C2-138', 'AVAILABLE', 11, NULL, NULL),
	(2515, 'C2-139', 'AVAILABLE', 11, NULL, NULL),
	(2516, 'C2-140', 'AVAILABLE', 11, NULL, NULL),
	(2517, 'C2-141', 'AVAILABLE', 11, NULL, NULL),
	(2518, 'C2-142', 'AVAILABLE', 11, NULL, NULL),
	(2519, 'C2-143', 'AVAILABLE', 11, NULL, NULL),
	(2520, 'C2-144', 'AVAILABLE', 11, NULL, NULL),
	(2521, 'C2-145', 'AVAILABLE', 11, NULL, NULL),
	(2522, 'C2-146', 'AVAILABLE', 11, NULL, NULL),
	(2523, 'C2-147', 'AVAILABLE', 11, NULL, NULL),
	(2524, 'C2-148', 'AVAILABLE', 11, NULL, NULL),
	(2525, 'C2-149', 'AVAILABLE', 11, NULL, NULL),
	(2526, 'C2-150', 'AVAILABLE', 11, NULL, NULL),
	(2527, 'C2-151', 'AVAILABLE', 11, NULL, NULL),
	(2528, 'C2-152', 'AVAILABLE', 11, NULL, NULL),
	(2529, 'C2-153', 'AVAILABLE', 11, NULL, NULL),
	(2530, 'C2-154', 'AVAILABLE', 11, NULL, NULL),
	(2531, 'C2-155', 'AVAILABLE', 11, NULL, NULL),
	(2532, 'C2-156', 'AVAILABLE', 11, NULL, NULL),
	(2533, 'C2-157', 'AVAILABLE', 11, NULL, NULL),
	(2534, 'C2-158', 'AVAILABLE', 11, NULL, NULL),
	(2535, 'C2-159', 'AVAILABLE', 11, NULL, NULL),
	(2536, 'C2-160', 'AVAILABLE', 11, NULL, NULL),
	(2537, 'C2-161', 'AVAILABLE', 11, NULL, NULL),
	(2538, 'C2-162', 'AVAILABLE', 11, NULL, NULL),
	(2539, 'C2-163', 'AVAILABLE', 11, NULL, NULL),
	(2540, 'C2-164', 'AVAILABLE', 11, NULL, NULL),
	(2541, 'C2-165', 'AVAILABLE', 11, NULL, NULL),
	(2542, 'C2-166', 'AVAILABLE', 11, NULL, NULL),
	(2543, 'C2-167', 'AVAILABLE', 11, NULL, NULL),
	(2544, 'C2-168', 'AVAILABLE', 11, NULL, NULL),
	(2545, 'C2-169', 'AVAILABLE', 11, NULL, NULL),
	(2546, 'C2-170', 'AVAILABLE', 11, NULL, NULL),
	(2547, 'C2-171', 'AVAILABLE', 11, NULL, NULL),
	(2548, 'C2-172', 'AVAILABLE', 11, NULL, NULL),
	(2549, 'C2-173', 'AVAILABLE', 11, NULL, NULL),
	(2550, 'C2-174', 'AVAILABLE', 11, NULL, NULL),
	(2551, 'C2-175', 'AVAILABLE', 11, NULL, NULL),
	(2552, 'C2-176', 'AVAILABLE', 11, NULL, NULL),
	(2553, 'C2-177', 'AVAILABLE', 11, NULL, NULL),
	(2554, 'C2-178', 'AVAILABLE', 11, NULL, NULL),
	(2555, 'C2-179', 'AVAILABLE', 11, NULL, NULL),
	(2556, 'C2-180', 'AVAILABLE', 11, NULL, NULL),
	(2557, 'C2-181', 'AVAILABLE', 11, NULL, NULL),
	(2558, 'C2-182', 'AVAILABLE', 11, NULL, NULL),
	(2559, 'C2-183', 'AVAILABLE', 11, NULL, NULL),
	(2560, 'C2-184', 'AVAILABLE', 11, NULL, NULL),
	(2561, 'C2-185', 'AVAILABLE', 11, NULL, NULL),
	(2562, 'C2-186', 'AVAILABLE', 11, NULL, NULL),
	(2563, 'C2-187', 'AVAILABLE', 11, NULL, NULL),
	(2564, 'C2-188', 'AVAILABLE', 11, NULL, NULL),
	(2565, 'C2-189', 'AVAILABLE', 11, NULL, NULL),
	(2566, 'C2-190', 'AVAILABLE', 11, NULL, NULL),
	(2567, 'C2-191', 'AVAILABLE', 11, NULL, NULL),
	(2568, 'C2-192', 'AVAILABLE', 11, NULL, NULL),
	(2569, 'C2-193', 'AVAILABLE', 11, NULL, NULL),
	(2570, 'C2-194', 'AVAILABLE', 11, NULL, NULL),
	(2571, 'C2-195', 'AVAILABLE', 11, NULL, NULL),
	(2572, 'C2-196', 'AVAILABLE', 11, NULL, NULL),
	(2573, 'C2-197', 'AVAILABLE', 11, NULL, NULL),
	(2574, 'C2-198', 'AVAILABLE', 11, NULL, NULL),
	(2575, 'C2-199', 'AVAILABLE', 11, NULL, NULL),
	(2576, 'C2-200', 'AVAILABLE', 11, NULL, NULL),
	(2577, 'C2-201', 'AVAILABLE', 11, NULL, NULL),
	(2578, 'C2-202', 'AVAILABLE', 11, NULL, NULL),
	(2579, 'C2-203', 'AVAILABLE', 11, NULL, NULL),
	(2580, 'C2-204', 'AVAILABLE', 11, NULL, NULL),
	(2581, 'C2-205', 'AVAILABLE', 11, NULL, NULL),
	(2582, 'C2-206', 'AVAILABLE', 11, NULL, NULL),
	(2583, 'C2-207', 'AVAILABLE', 11, NULL, NULL),
	(2584, 'C2-208', 'AVAILABLE', 11, NULL, NULL),
	(2585, 'C2-209', 'AVAILABLE', 11, NULL, NULL),
	(2586, 'C2-210', 'AVAILABLE', 11, NULL, NULL),
	(2587, 'C2-211', 'AVAILABLE', 11, NULL, NULL),
	(2588, 'C2-212', 'AVAILABLE', 11, NULL, NULL),
	(2589, 'C2-213', 'AVAILABLE', 11, NULL, NULL),
	(2590, 'C2-214', 'AVAILABLE', 11, NULL, NULL),
	(2591, 'C2-215', 'AVAILABLE', 11, NULL, NULL),
	(2592, 'C2-216', 'AVAILABLE', 11, NULL, NULL),
	(2593, 'C2-217', 'AVAILABLE', 11, NULL, NULL),
	(2594, 'C2-218', 'AVAILABLE', 11, NULL, NULL),
	(2595, 'C2-219', 'AVAILABLE', 11, NULL, NULL),
	(2596, 'C2-220', 'AVAILABLE', 11, NULL, NULL),
	(2597, 'C2-221', 'AVAILABLE', 11, NULL, NULL),
	(2598, 'C2-222', 'AVAILABLE', 11, NULL, NULL),
	(2599, 'C2-223', 'AVAILABLE', 11, NULL, NULL),
	(2600, 'C2-224', 'AVAILABLE', 11, NULL, NULL),
	(2601, 'C2-225', 'AVAILABLE', 11, NULL, NULL),
	(2602, 'C2-226', 'AVAILABLE', 11, NULL, NULL),
	(2603, 'C2-227', 'AVAILABLE', 11, NULL, NULL),
	(2604, 'C2-228', 'AVAILABLE', 11, NULL, NULL),
	(2605, 'C2-229', 'AVAILABLE', 11, NULL, NULL),
	(2606, 'C2-230', 'AVAILABLE', 11, NULL, NULL),
	(2607, 'C2-231', 'AVAILABLE', 11, NULL, NULL),
	(2608, 'C2-232', 'AVAILABLE', 11, NULL, NULL),
	(2609, 'C2-233', 'AVAILABLE', 11, NULL, NULL),
	(2610, 'C2-234', 'AVAILABLE', 11, NULL, NULL),
	(2611, 'C2-235', 'AVAILABLE', 11, NULL, NULL),
	(2612, 'C2-236', 'AVAILABLE', 11, NULL, NULL),
	(2613, 'C2-237', 'AVAILABLE', 11, NULL, NULL),
	(2614, 'C2-238', 'AVAILABLE', 11, NULL, NULL),
	(2615, 'C2-239', 'AVAILABLE', 11, NULL, NULL),
	(2616, 'C2-240', 'AVAILABLE', 11, NULL, NULL),
	(2617, 'C2-241', 'AVAILABLE', 11, NULL, NULL),
	(2618, 'C2-242', 'AVAILABLE', 11, NULL, NULL),
	(2619, 'C2-243', 'AVAILABLE', 11, NULL, NULL),
	(2620, 'C2-244', 'AVAILABLE', 11, NULL, NULL),
	(2621, 'C2-245', 'AVAILABLE', 11, NULL, NULL),
	(2622, 'C2-246', 'AVAILABLE', 11, NULL, NULL),
	(2623, 'C2-247', 'AVAILABLE', 11, NULL, NULL),
	(2624, 'C2-248', 'AVAILABLE', 11, NULL, NULL),
	(2625, 'C2-249', 'AVAILABLE', 11, NULL, NULL),
	(2626, 'C2-250', 'AVAILABLE', 11, NULL, NULL),
	(2627, 'C2-251', 'AVAILABLE', 11, NULL, NULL),
	(2628, 'C2-252', 'AVAILABLE', 11, NULL, NULL),
	(2629, 'C2-253', 'AVAILABLE', 11, NULL, NULL),
	(2630, 'C2-254', 'AVAILABLE', 11, NULL, NULL),
	(2631, 'C2-255', 'AVAILABLE', 11, NULL, NULL),
	(2632, 'C2-256', 'AVAILABLE', 11, NULL, NULL),
	(2633, 'C2-257', 'AVAILABLE', 11, NULL, NULL),
	(2634, 'C2-258', 'AVAILABLE', 11, NULL, NULL),
	(2635, 'C2-259', 'AVAILABLE', 11, NULL, NULL),
	(2636, 'C2-260', 'AVAILABLE', 11, NULL, NULL),
	(2637, 'C2-261', 'AVAILABLE', 11, NULL, NULL),
	(2638, 'C2-262', 'AVAILABLE', 11, NULL, NULL),
	(2639, 'C2-263', 'AVAILABLE', 11, NULL, NULL),
	(2640, 'C2-264', 'AVAILABLE', 11, NULL, NULL),
	(2641, 'C2-265', 'AVAILABLE', 11, NULL, NULL),
	(2642, 'C2-266', 'AVAILABLE', 11, NULL, NULL),
	(2643, 'C2-267', 'AVAILABLE', 11, NULL, NULL),
	(2644, 'C2-268', 'AVAILABLE', 11, NULL, NULL),
	(2645, 'C2-269', 'AVAILABLE', 11, NULL, NULL),
	(2646, 'C2-270', 'AVAILABLE', 11, NULL, NULL),
	(2647, 'C2-271', 'AVAILABLE', 11, NULL, NULL),
	(2648, 'C2-272', 'AVAILABLE', 11, NULL, NULL),
	(2649, 'C2-273', 'AVAILABLE', 11, NULL, NULL),
	(2650, 'C2-274', 'AVAILABLE', 11, NULL, NULL),
	(2651, 'C2-275', 'AVAILABLE', 11, NULL, NULL),
	(2652, 'C2-276', 'AVAILABLE', 11, NULL, NULL),
	(2653, 'C2-277', 'AVAILABLE', 11, NULL, NULL),
	(2654, 'C2-278', 'AVAILABLE', 11, NULL, NULL),
	(2655, 'C2-279', 'AVAILABLE', 11, NULL, NULL),
	(2656, 'C2-280', 'AVAILABLE', 11, NULL, NULL),
	(2657, 'C2-281', 'AVAILABLE', 11, NULL, NULL),
	(2658, 'C2-282', 'AVAILABLE', 11, NULL, NULL),
	(2659, 'C2-283', 'AVAILABLE', 11, NULL, NULL),
	(2660, 'C2-284', 'AVAILABLE', 11, NULL, NULL),
	(2661, 'C2-285', 'AVAILABLE', 11, NULL, NULL),
	(2662, 'C2-286', 'AVAILABLE', 11, NULL, NULL),
	(2663, 'C2-287', 'AVAILABLE', 11, NULL, NULL),
	(2664, 'C2-288', 'AVAILABLE', 11, NULL, NULL),
	(2665, 'C2-289', 'AVAILABLE', 11, NULL, NULL),
	(2666, 'C2-290', 'AVAILABLE', 11, NULL, NULL),
	(2667, 'C2-291', 'AVAILABLE', 11, NULL, NULL),
	(2668, 'C2-292', 'AVAILABLE', 11, NULL, NULL),
	(2669, 'C2-293', 'AVAILABLE', 11, NULL, NULL),
	(2670, 'C2-294', 'AVAILABLE', 11, NULL, NULL),
	(2671, 'C2-295', 'AVAILABLE', 11, NULL, NULL),
	(2672, 'C2-296', 'AVAILABLE', 11, NULL, NULL),
	(2673, 'C2-297', 'AVAILABLE', 11, NULL, NULL),
	(2674, 'C2-298', 'AVAILABLE', 11, NULL, NULL),
	(2675, 'C2-299', 'AVAILABLE', 11, NULL, NULL),
	(2676, 'C2-300', 'AVAILABLE', 11, NULL, NULL),
	(2677, 'C2-301', 'AVAILABLE', 11, NULL, NULL),
	(2678, 'C2-302', 'AVAILABLE', 11, NULL, NULL),
	(2679, 'C2-303', 'AVAILABLE', 11, NULL, NULL),
	(2680, 'C2-304', 'AVAILABLE', 11, NULL, NULL),
	(2681, 'C2-305', 'AVAILABLE', 11, NULL, NULL),
	(2682, 'C2-306', 'AVAILABLE', 11, NULL, NULL),
	(2683, 'C2-307', 'AVAILABLE', 11, NULL, NULL),
	(2684, 'C2-308', 'AVAILABLE', 11, NULL, NULL),
	(2685, 'C2-309', 'AVAILABLE', 11, NULL, NULL),
	(2686, 'C2-310', 'AVAILABLE', 11, NULL, NULL),
	(2687, 'C2-311', 'AVAILABLE', 11, NULL, NULL),
	(2688, 'C2-312', 'AVAILABLE', 11, NULL, NULL),
	(2689, 'C2-313', 'AVAILABLE', 11, NULL, NULL),
	(2690, 'C2-314', 'AVAILABLE', 11, NULL, NULL),
	(2691, 'C2-315', 'AVAILABLE', 11, NULL, NULL),
	(2692, 'C2-316', 'AVAILABLE', 11, NULL, NULL),
	(2693, 'C2-317', 'AVAILABLE', 11, NULL, NULL),
	(2694, 'C2-318', 'AVAILABLE', 11, NULL, NULL),
	(2695, 'C2-319', 'AVAILABLE', 11, NULL, NULL),
	(2696, 'C2-320', 'AVAILABLE', 11, NULL, NULL),
	(2697, 'C2-321', 'AVAILABLE', 11, NULL, NULL),
	(2698, 'C2-322', 'AVAILABLE', 11, NULL, NULL),
	(2699, 'C2-323', 'AVAILABLE', 11, NULL, NULL),
	(2700, 'C2-324', 'AVAILABLE', 11, NULL, NULL),
	(2701, 'C2-325', 'AVAILABLE', 11, NULL, NULL),
	(2702, 'C2-326', 'AVAILABLE', 11, NULL, NULL),
	(2703, 'C2-327', 'AVAILABLE', 11, NULL, NULL),
	(2704, 'C2-328', 'AVAILABLE', 11, NULL, NULL),
	(2705, 'C2-329', 'AVAILABLE', 11, NULL, NULL),
	(2706, 'C2-330', 'AVAILABLE', 11, NULL, NULL),
	(2707, 'C2-331', 'AVAILABLE', 11, NULL, NULL),
	(2708, 'C2-332', 'AVAILABLE', 11, NULL, NULL),
	(2709, 'C2-333', 'AVAILABLE', 11, NULL, NULL),
	(2710, 'C2-334', 'AVAILABLE', 11, NULL, NULL),
	(2711, 'C2-335', 'AVAILABLE', 11, NULL, NULL),
	(2712, 'C2-336', 'AVAILABLE', 11, NULL, NULL),
	(2713, 'C2-337', 'AVAILABLE', 11, NULL, NULL),
	(2714, 'C2-338', 'AVAILABLE', 11, NULL, NULL),
	(2715, 'C2-339', 'AVAILABLE', 11, NULL, NULL),
	(2716, 'C2-340', 'AVAILABLE', 11, NULL, NULL),
	(2717, 'C2-341', 'AVAILABLE', 11, NULL, NULL),
	(2718, 'C2-342', 'AVAILABLE', 11, NULL, NULL),
	(2719, 'C2-343', 'AVAILABLE', 11, NULL, NULL),
	(2720, 'C2-344', 'AVAILABLE', 11, NULL, NULL),
	(2721, 'C2-345', 'AVAILABLE', 11, NULL, NULL),
	(2722, 'C2-346', 'AVAILABLE', 11, NULL, NULL),
	(2723, 'C2-347', 'AVAILABLE', 11, NULL, NULL),
	(2724, 'C2-348', 'AVAILABLE', 11, NULL, NULL),
	(2725, 'C2-349', 'AVAILABLE', 11, NULL, NULL),
	(2726, 'C2-350', 'AVAILABLE', 11, NULL, NULL),
	(2727, 'C2-351', 'AVAILABLE', 11, NULL, NULL),
	(2728, 'C2-352', 'AVAILABLE', 11, NULL, NULL),
	(2729, 'C2-353', 'AVAILABLE', 11, NULL, NULL),
	(2730, 'C2-354', 'AVAILABLE', 11, NULL, NULL),
	(2731, 'C2-355', 'AVAILABLE', 11, NULL, NULL),
	(2732, 'C2-356', 'AVAILABLE', 11, NULL, NULL),
	(2733, 'C2-357', 'AVAILABLE', 11, NULL, NULL),
	(2734, 'C2-358', 'AVAILABLE', 11, NULL, NULL),
	(2735, 'C2-359', 'AVAILABLE', 11, NULL, NULL),
	(2736, 'C2-360', 'AVAILABLE', 11, NULL, NULL),
	(2737, 'C2-361', 'AVAILABLE', 11, NULL, NULL),
	(2738, 'C2-362', 'AVAILABLE', 11, NULL, NULL),
	(2739, 'C2-363', 'AVAILABLE', 11, NULL, NULL),
	(2740, 'C2-364', 'AVAILABLE', 11, NULL, NULL),
	(2741, 'C2-365', 'AVAILABLE', 11, NULL, NULL),
	(2742, 'C2-366', 'AVAILABLE', 11, NULL, NULL),
	(2743, 'C2-367', 'AVAILABLE', 11, NULL, NULL),
	(2744, 'C2-368', 'AVAILABLE', 11, NULL, NULL),
	(2745, 'C2-369', 'AVAILABLE', 11, NULL, NULL),
	(2746, 'C2-370', 'AVAILABLE', 11, NULL, NULL),
	(2747, 'C2-371', 'AVAILABLE', 11, NULL, NULL),
	(2748, 'C2-372', 'AVAILABLE', 11, NULL, NULL),
	(2749, 'C2-373', 'AVAILABLE', 11, NULL, NULL),
	(2750, 'C2-374', 'AVAILABLE', 11, NULL, NULL),
	(2751, 'C2-375', 'AVAILABLE', 11, NULL, NULL),
	(2752, 'C2-376', 'AVAILABLE', 11, NULL, NULL),
	(2753, 'C2-377', 'AVAILABLE', 11, NULL, NULL),
	(2754, 'C2-378', 'AVAILABLE', 11, NULL, NULL),
	(2755, 'C2-379', 'AVAILABLE', 11, NULL, NULL),
	(2756, 'C2-380', 'AVAILABLE', 11, NULL, NULL),
	(2757, 'C2-381', 'AVAILABLE', 11, NULL, NULL),
	(2758, 'C2-382', 'AVAILABLE', 11, NULL, NULL),
	(2759, 'C2-383', 'AVAILABLE', 11, NULL, NULL),
	(2760, 'C2-384', 'AVAILABLE', 11, NULL, NULL),
	(2761, 'C2-385', 'AVAILABLE', 11, NULL, NULL),
	(2762, 'C2-386', 'AVAILABLE', 11, NULL, NULL),
	(2763, 'C2-387', 'AVAILABLE', 11, NULL, NULL),
	(2764, 'C2-388', 'AVAILABLE', 11, NULL, NULL),
	(2765, 'C2-389', 'AVAILABLE', 11, NULL, NULL),
	(2766, 'C2-390', 'AVAILABLE', 11, NULL, NULL),
	(2767, 'C2-391', 'AVAILABLE', 11, NULL, NULL),
	(2768, 'C2-392', 'AVAILABLE', 11, NULL, NULL),
	(2769, 'C2-393', 'AVAILABLE', 11, NULL, NULL),
	(2770, 'C2-394', 'AVAILABLE', 11, NULL, NULL),
	(2771, 'C2-395', 'AVAILABLE', 11, NULL, NULL),
	(2772, 'C2-396', 'AVAILABLE', 11, NULL, NULL),
	(2773, 'C2-397', 'AVAILABLE', 11, NULL, NULL),
	(2774, 'C2-398', 'AVAILABLE', 11, NULL, NULL),
	(2775, 'C2-399', 'AVAILABLE', 11, NULL, NULL),
	(2776, 'C2-400', 'AVAILABLE', 11, NULL, NULL),
	(2777, 'C2-401', 'AVAILABLE', 11, NULL, NULL),
	(2778, 'C2-402', 'AVAILABLE', 11, NULL, NULL),
	(2779, 'C2-403', 'AVAILABLE', 11, NULL, NULL),
	(2780, 'C2-404', 'AVAILABLE', 11, NULL, NULL),
	(2781, 'C2-405', 'AVAILABLE', 11, NULL, NULL),
	(2782, 'C2-406', 'AVAILABLE', 11, NULL, NULL),
	(2783, 'C2-407', 'AVAILABLE', 11, NULL, NULL),
	(2784, 'C2-408', 'AVAILABLE', 11, NULL, NULL),
	(2785, 'C2-409', 'AVAILABLE', 11, NULL, NULL),
	(2786, 'C2-410', 'AVAILABLE', 11, NULL, NULL),
	(2787, 'C2-411', 'AVAILABLE', 11, NULL, NULL),
	(2788, 'C2-412', 'AVAILABLE', 11, NULL, NULL),
	(2789, 'C2-413', 'AVAILABLE', 11, NULL, NULL),
	(2790, 'C2-414', 'AVAILABLE', 11, NULL, NULL),
	(2791, 'C2-415', 'AVAILABLE', 11, NULL, NULL),
	(2792, 'C2-416', 'AVAILABLE', 11, NULL, NULL),
	(2793, 'C2-417', 'AVAILABLE', 11, NULL, NULL),
	(2794, 'C2-418', 'AVAILABLE', 11, NULL, NULL),
	(2795, 'C2-419', 'AVAILABLE', 11, NULL, NULL),
	(2796, 'C2-420', 'AVAILABLE', 11, NULL, NULL),
	(2797, 'C2-421', 'AVAILABLE', 11, NULL, NULL),
	(2798, 'C2-422', 'AVAILABLE', 11, NULL, NULL),
	(2799, 'C2-423', 'AVAILABLE', 11, NULL, NULL),
	(2800, 'C2-424', 'AVAILABLE', 11, NULL, NULL),
	(2801, 'C2-425', 'AVAILABLE', 11, NULL, NULL),
	(2802, 'C2-426', 'AVAILABLE', 11, NULL, NULL),
	(2803, 'C2-427', 'AVAILABLE', 11, NULL, NULL),
	(2804, 'C2-428', 'AVAILABLE', 11, NULL, NULL),
	(2805, 'C2-429', 'AVAILABLE', 11, NULL, NULL),
	(2806, 'C2-430', 'AVAILABLE', 11, NULL, NULL),
	(2807, 'C2-431', 'AVAILABLE', 11, NULL, NULL),
	(2808, 'C2-432', 'AVAILABLE', 11, NULL, NULL),
	(2809, 'C2-433', 'AVAILABLE', 11, NULL, NULL),
	(2810, 'C2-434', 'AVAILABLE', 11, NULL, NULL),
	(2811, 'C2-435', 'AVAILABLE', 11, NULL, NULL),
	(2812, 'C2-436', 'AVAILABLE', 11, NULL, NULL),
	(2813, 'C2-437', 'AVAILABLE', 11, NULL, NULL),
	(2814, 'C2-438', 'AVAILABLE', 11, NULL, NULL),
	(2815, 'C2-439', 'AVAILABLE', 11, NULL, NULL),
	(2816, 'C2-440', 'AVAILABLE', 11, NULL, NULL),
	(2817, 'C2-441', 'AVAILABLE', 11, NULL, NULL),
	(2818, 'C2-442', 'AVAILABLE', 11, NULL, NULL),
	(2819, 'C3-1', 'AVAILABLE', 12, NULL, NULL),
	(2820, 'C3-2', 'AVAILABLE', 12, NULL, NULL),
	(2821, 'C3-3', 'AVAILABLE', 12, NULL, NULL),
	(2822, 'C3-4', 'AVAILABLE', 12, NULL, NULL),
	(2823, 'C3-5', 'AVAILABLE', 12, NULL, NULL),
	(2824, 'C3-6', 'AVAILABLE', 12, NULL, NULL),
	(2825, 'C3-7', 'AVAILABLE', 12, NULL, NULL),
	(2826, 'C3-8', 'AVAILABLE', 12, NULL, NULL),
	(2827, 'C3-9', 'AVAILABLE', 12, NULL, NULL),
	(2828, 'C3-10', 'AVAILABLE', 12, NULL, NULL),
	(2829, 'C3-11', 'AVAILABLE', 12, NULL, NULL),
	(2830, 'C3-12', 'AVAILABLE', 12, NULL, NULL),
	(2831, 'C3-13', 'AVAILABLE', 12, NULL, NULL),
	(2832, 'C3-14', 'AVAILABLE', 12, NULL, NULL),
	(2833, 'C3-15', 'AVAILABLE', 12, NULL, NULL),
	(2834, 'C3-16', 'AVAILABLE', 12, NULL, NULL),
	(2835, 'C3-17', 'AVAILABLE', 12, NULL, NULL),
	(2836, 'C3-18', 'AVAILABLE', 12, NULL, NULL),
	(2837, 'C3-19', 'AVAILABLE', 12, NULL, NULL),
	(2838, 'C3-20', 'AVAILABLE', 12, NULL, NULL),
	(2839, 'C3-21', 'AVAILABLE', 12, NULL, NULL),
	(2840, 'C3-22', 'AVAILABLE', 12, NULL, NULL),
	(2841, 'C3-23', 'AVAILABLE', 12, NULL, NULL),
	(2842, 'C3-24', 'AVAILABLE', 12, NULL, NULL),
	(2843, 'C3-25', 'AVAILABLE', 12, NULL, NULL),
	(2844, 'C3-26', 'AVAILABLE', 12, NULL, NULL),
	(2845, 'C3-27', 'AVAILABLE', 12, NULL, NULL),
	(2846, 'C3-28', 'AVAILABLE', 12, NULL, NULL),
	(2847, 'C3-29', 'AVAILABLE', 12, NULL, NULL),
	(2848, 'C3-30', 'AVAILABLE', 12, NULL, NULL),
	(2849, 'C3-31', 'AVAILABLE', 12, NULL, NULL),
	(2850, 'C3-32', 'AVAILABLE', 12, NULL, NULL),
	(2851, 'C3-33', 'AVAILABLE', 12, NULL, NULL),
	(2852, 'C3-34', 'AVAILABLE', 12, NULL, NULL),
	(2853, 'C3-35', 'AVAILABLE', 12, NULL, NULL),
	(2854, 'C3-36', 'AVAILABLE', 12, NULL, NULL),
	(2855, 'C3-37', 'AVAILABLE', 12, NULL, NULL),
	(2856, 'C3-38', 'AVAILABLE', 12, NULL, NULL),
	(2857, 'C3-39', 'AVAILABLE', 12, NULL, NULL),
	(2858, 'C3-40', 'AVAILABLE', 12, NULL, NULL),
	(2859, 'C3-41', 'AVAILABLE', 12, NULL, NULL),
	(2860, 'C3-42', 'AVAILABLE', 12, NULL, NULL),
	(2861, 'C3-43', 'AVAILABLE', 12, NULL, NULL),
	(2862, 'C3-44', 'AVAILABLE', 12, NULL, NULL),
	(2863, 'C3-45', 'AVAILABLE', 12, NULL, NULL),
	(2864, 'C3-46', 'AVAILABLE', 12, NULL, NULL),
	(2865, 'C3-47', 'AVAILABLE', 12, NULL, NULL),
	(2866, 'C3-48', 'AVAILABLE', 12, NULL, NULL),
	(2867, 'C3-49', 'AVAILABLE', 12, NULL, NULL),
	(2868, 'C3-50', 'AVAILABLE', 12, NULL, NULL),
	(2869, 'C3-51', 'AVAILABLE', 12, NULL, NULL),
	(2870, 'C3-52', 'AVAILABLE', 12, NULL, NULL),
	(2871, 'C3-53', 'AVAILABLE', 12, NULL, NULL),
	(2872, 'C3-54', 'AVAILABLE', 12, NULL, NULL),
	(2873, 'C3-55', 'AVAILABLE', 12, NULL, NULL),
	(2874, 'C3-56', 'AVAILABLE', 12, NULL, NULL),
	(2875, 'C3-57', 'AVAILABLE', 12, NULL, NULL),
	(2876, 'C3-58', 'AVAILABLE', 12, NULL, NULL),
	(2877, 'C3-59', 'AVAILABLE', 12, NULL, NULL),
	(2878, 'C3-60', 'AVAILABLE', 12, NULL, NULL),
	(2879, 'C3-61', 'AVAILABLE', 12, NULL, NULL),
	(2880, 'C3-62', 'AVAILABLE', 12, NULL, NULL),
	(2881, 'C3-63', 'AVAILABLE', 12, NULL, NULL),
	(2882, 'C3-64', 'AVAILABLE', 12, NULL, NULL),
	(2883, 'C3-65', 'AVAILABLE', 12, NULL, NULL),
	(2884, 'C3-66', 'AVAILABLE', 12, NULL, NULL),
	(2885, 'C3-67', 'AVAILABLE', 12, NULL, NULL),
	(2886, 'C3-68', 'AVAILABLE', 12, NULL, NULL),
	(2887, 'C3-69', 'AVAILABLE', 12, NULL, NULL),
	(2888, 'C3-70', 'AVAILABLE', 12, NULL, NULL),
	(2889, 'C3-71', 'AVAILABLE', 12, NULL, NULL),
	(2890, 'C3-72', 'AVAILABLE', 12, NULL, NULL),
	(2891, 'C3-73', 'AVAILABLE', 12, NULL, NULL),
	(2892, 'C3-74', 'AVAILABLE', 12, NULL, NULL),
	(2893, 'C3-75', 'AVAILABLE', 12, NULL, NULL),
	(2894, 'C3-76', 'AVAILABLE', 12, NULL, NULL),
	(2895, 'C3-77', 'AVAILABLE', 12, NULL, NULL),
	(2896, 'C3-78', 'AVAILABLE', 12, NULL, NULL),
	(2897, 'C3-79', 'AVAILABLE', 12, NULL, NULL),
	(2898, 'C3-80', 'AVAILABLE', 12, NULL, NULL),
	(2899, 'C3-81', 'AVAILABLE', 12, NULL, NULL),
	(2900, 'C3-82', 'AVAILABLE', 12, NULL, NULL),
	(2901, 'C3-83', 'AVAILABLE', 12, NULL, NULL),
	(2902, 'C3-84', 'AVAILABLE', 12, NULL, NULL),
	(2903, 'C3-85', 'AVAILABLE', 12, NULL, NULL),
	(2904, 'C3-86', 'AVAILABLE', 12, NULL, NULL),
	(2905, 'C3-87', 'AVAILABLE', 12, NULL, NULL),
	(2906, 'C3-88', 'AVAILABLE', 12, NULL, NULL),
	(2907, 'C3-89', 'AVAILABLE', 12, NULL, NULL),
	(2908, 'C3-90', 'AVAILABLE', 12, NULL, NULL),
	(2909, 'C3-91', 'AVAILABLE', 12, NULL, NULL),
	(2910, 'C3-92', 'AVAILABLE', 12, NULL, NULL),
	(2911, 'C3-93', 'AVAILABLE', 12, NULL, NULL),
	(2912, 'C3-94', 'AVAILABLE', 12, NULL, NULL),
	(2913, 'C3-95', 'AVAILABLE', 12, NULL, NULL),
	(2914, 'C3-96', 'AVAILABLE', 12, NULL, NULL),
	(2915, 'C3-97', 'AVAILABLE', 12, NULL, NULL),
	(2916, 'C3-98', 'AVAILABLE', 12, NULL, NULL),
	(2917, 'C3-99', 'AVAILABLE', 12, NULL, NULL),
	(2918, 'C3-100', 'AVAILABLE', 12, NULL, NULL),
	(2919, 'C3-101', 'AVAILABLE', 12, NULL, NULL),
	(2920, 'C3-102', 'AVAILABLE', 12, NULL, NULL),
	(2921, 'C3-103', 'AVAILABLE', 12, NULL, NULL),
	(2922, 'C3-104', 'AVAILABLE', 12, NULL, NULL),
	(2923, 'C3-105', 'AVAILABLE', 12, NULL, NULL),
	(2924, 'C3-106', 'AVAILABLE', 12, NULL, NULL),
	(2925, 'C3-107', 'AVAILABLE', 12, NULL, NULL),
	(2926, 'C3-108', 'AVAILABLE', 12, NULL, NULL),
	(2927, 'C3-109', 'AVAILABLE', 12, NULL, NULL),
	(2928, 'C3-110', 'AVAILABLE', 12, NULL, NULL),
	(2929, 'C3-111', 'AVAILABLE', 12, NULL, NULL),
	(2930, 'C3-112', 'AVAILABLE', 12, NULL, NULL),
	(2931, 'C3-113', 'AVAILABLE', 12, NULL, NULL),
	(2932, 'C3-114', 'AVAILABLE', 12, NULL, NULL),
	(2933, 'C3-115', 'AVAILABLE', 12, NULL, NULL),
	(2934, 'C3-116', 'AVAILABLE', 12, NULL, NULL),
	(2935, 'C3-117', 'AVAILABLE', 12, NULL, NULL),
	(2936, 'C3-118', 'AVAILABLE', 12, NULL, NULL),
	(2937, 'C3-119', 'AVAILABLE', 12, NULL, NULL),
	(2938, 'C3-120', 'AVAILABLE', 12, NULL, NULL),
	(2939, 'C3-121', 'AVAILABLE', 12, NULL, NULL),
	(2940, 'C3-122', 'AVAILABLE', 12, NULL, NULL),
	(2941, 'C3-123', 'AVAILABLE', 12, NULL, NULL),
	(2942, 'C3-124', 'AVAILABLE', 12, NULL, NULL),
	(2943, 'C3-125', 'AVAILABLE', 12, NULL, NULL),
	(2944, 'C3-126', 'AVAILABLE', 12, NULL, NULL),
	(2945, 'C3-127', 'AVAILABLE', 12, NULL, NULL),
	(2946, 'C3-128', 'AVAILABLE', 12, NULL, NULL),
	(2947, 'C3-129', 'AVAILABLE', 12, NULL, NULL),
	(2948, 'C3-130', 'AVAILABLE', 12, NULL, NULL),
	(2949, 'C3-131', 'AVAILABLE', 12, NULL, NULL),
	(2950, 'C3-132', 'AVAILABLE', 12, NULL, NULL),
	(2951, 'C3-133', 'AVAILABLE', 12, NULL, NULL),
	(2952, 'C3-134', 'AVAILABLE', 12, NULL, NULL),
	(2953, 'C3-135', 'AVAILABLE', 12, NULL, NULL),
	(2954, 'C3-136', 'AVAILABLE', 12, NULL, NULL),
	(2955, 'C3-137', 'AVAILABLE', 12, NULL, NULL),
	(2956, 'C3-138', 'AVAILABLE', 12, NULL, NULL),
	(2957, 'C3-139', 'AVAILABLE', 12, NULL, NULL),
	(2958, 'C3-140', 'AVAILABLE', 12, NULL, NULL),
	(2959, 'C3-141', 'AVAILABLE', 12, NULL, NULL),
	(2960, 'C3-142', 'AVAILABLE', 12, NULL, NULL),
	(2961, 'C3-143', 'AVAILABLE', 12, NULL, NULL),
	(2962, 'C3-144', 'AVAILABLE', 12, NULL, NULL),
	(2963, 'C3-145', 'AVAILABLE', 12, NULL, NULL),
	(2964, 'C3-146', 'AVAILABLE', 12, NULL, NULL),
	(2965, 'C3-147', 'AVAILABLE', 12, NULL, NULL),
	(2966, 'C3-148', 'AVAILABLE', 12, NULL, NULL),
	(2967, 'C3-149', 'AVAILABLE', 12, NULL, NULL),
	(2968, 'C3-150', 'AVAILABLE', 12, NULL, NULL),
	(2969, 'C3-151', 'AVAILABLE', 12, NULL, NULL),
	(2970, 'C3-152', 'AVAILABLE', 12, NULL, NULL),
	(2971, 'C3-153', 'AVAILABLE', 12, NULL, NULL),
	(2972, 'C3-154', 'AVAILABLE', 12, NULL, NULL),
	(2973, 'C3-155', 'AVAILABLE', 12, NULL, NULL),
	(2974, 'C3-156', 'AVAILABLE', 12, NULL, NULL),
	(2975, 'C3-157', 'AVAILABLE', 12, NULL, NULL),
	(2976, 'C3-158', 'AVAILABLE', 12, NULL, NULL),
	(2977, 'C3-159', 'AVAILABLE', 12, NULL, NULL),
	(2978, 'C3-160', 'AVAILABLE', 12, NULL, NULL),
	(2979, 'C3-161', 'AVAILABLE', 12, NULL, NULL),
	(2980, 'C3-162', 'AVAILABLE', 12, NULL, NULL),
	(2981, 'C3-163', 'AVAILABLE', 12, NULL, NULL),
	(2982, 'C3-164', 'AVAILABLE', 12, NULL, NULL),
	(2983, 'C3-165', 'AVAILABLE', 12, NULL, NULL),
	(2984, 'C3-166', 'AVAILABLE', 12, NULL, NULL),
	(2985, 'C3-167', 'AVAILABLE', 12, NULL, NULL),
	(2986, 'C3-168', 'AVAILABLE', 12, NULL, NULL),
	(2987, 'C3-169', 'AVAILABLE', 12, NULL, NULL),
	(2988, 'C3-170', 'AVAILABLE', 12, NULL, NULL),
	(2989, 'C3-171', 'AVAILABLE', 12, NULL, NULL),
	(2990, 'C3-172', 'AVAILABLE', 12, NULL, NULL),
	(2991, 'C3-173', 'AVAILABLE', 12, NULL, NULL),
	(2992, 'C3-174', 'AVAILABLE', 12, NULL, NULL),
	(2993, 'C3-175', 'AVAILABLE', 12, NULL, NULL),
	(2994, 'C3-176', 'AVAILABLE', 12, NULL, NULL),
	(2995, 'C3-177', 'AVAILABLE', 12, NULL, NULL),
	(2996, 'C3-178', 'AVAILABLE', 12, NULL, NULL),
	(2997, 'C3-179', 'AVAILABLE', 12, NULL, NULL),
	(2998, 'C3-180', 'AVAILABLE', 12, NULL, NULL),
	(2999, 'C3-181', 'AVAILABLE', 12, NULL, NULL),
	(3000, 'C3-182', 'AVAILABLE', 12, NULL, NULL),
	(3001, 'C3-183', 'AVAILABLE', 12, NULL, NULL),
	(3002, 'C3-184', 'AVAILABLE', 12, NULL, NULL),
	(3003, 'C3-185', 'AVAILABLE', 12, NULL, NULL),
	(3004, 'C3-186', 'AVAILABLE', 12, NULL, NULL),
	(3005, 'C3-187', 'AVAILABLE', 12, NULL, NULL),
	(3006, 'C3-188', 'AVAILABLE', 12, NULL, NULL),
	(3007, 'C3-189', 'AVAILABLE', 12, NULL, NULL),
	(3008, 'C3-190', 'AVAILABLE', 12, NULL, NULL),
	(3009, 'C3-191', 'AVAILABLE', 12, NULL, NULL),
	(3010, 'C3-192', 'AVAILABLE', 12, NULL, NULL),
	(3011, 'C3-193', 'AVAILABLE', 12, NULL, NULL),
	(3012, 'C3-194', 'AVAILABLE', 12, NULL, NULL),
	(3013, 'C3-195', 'AVAILABLE', 12, NULL, NULL),
	(3014, 'C3-196', 'AVAILABLE', 12, NULL, NULL),
	(3015, 'C3-197', 'AVAILABLE', 12, NULL, NULL),
	(3016, 'C3-198', 'AVAILABLE', 12, NULL, NULL),
	(3017, 'C3-199', 'AVAILABLE', 12, NULL, NULL),
	(3018, 'C3-200', 'AVAILABLE', 12, NULL, NULL),
	(3019, 'C3-201', 'AVAILABLE', 12, NULL, NULL),
	(3020, 'C3-202', 'AVAILABLE', 12, NULL, NULL),
	(3021, 'C3-203', 'AVAILABLE', 12, NULL, NULL),
	(3022, 'C3-204', 'AVAILABLE', 12, NULL, NULL),
	(3023, 'C3-205', 'AVAILABLE', 12, NULL, NULL),
	(3024, 'C3-206', 'AVAILABLE', 12, NULL, NULL),
	(3025, 'C3-207', 'AVAILABLE', 12, NULL, NULL),
	(3026, 'C3-208', 'AVAILABLE', 12, NULL, NULL),
	(3027, 'C3-209', 'AVAILABLE', 12, NULL, NULL),
	(3028, 'C3-210', 'AVAILABLE', 12, NULL, NULL),
	(3029, 'C3-211', 'AVAILABLE', 12, NULL, NULL),
	(3030, 'C3-212', 'AVAILABLE', 12, NULL, NULL),
	(3031, 'C3-213', 'AVAILABLE', 12, NULL, NULL),
	(3032, 'C3-214', 'AVAILABLE', 12, NULL, NULL),
	(3033, 'C3-215', 'AVAILABLE', 12, NULL, NULL),
	(3034, 'C3-216', 'AVAILABLE', 12, NULL, NULL),
	(3035, 'C3-217', 'AVAILABLE', 12, NULL, NULL),
	(3036, 'C3-218', 'AVAILABLE', 12, NULL, NULL),
	(3037, 'C3-219', 'AVAILABLE', 12, NULL, NULL),
	(3038, 'C3-220', 'AVAILABLE', 12, NULL, NULL),
	(3039, 'C3-221', 'AVAILABLE', 12, NULL, NULL),
	(3040, 'C3-222', 'AVAILABLE', 12, NULL, NULL),
	(3041, 'C3-223', 'AVAILABLE', 12, NULL, NULL),
	(3042, 'C3-224', 'AVAILABLE', 12, NULL, NULL),
	(3043, 'C3-225', 'AVAILABLE', 12, NULL, NULL),
	(3044, 'C3-226', 'AVAILABLE', 12, NULL, NULL),
	(3045, 'C3-227', 'AVAILABLE', 12, NULL, NULL),
	(3046, 'C3-228', 'AVAILABLE', 12, NULL, NULL),
	(3047, 'C3-229', 'AVAILABLE', 12, NULL, NULL),
	(3048, 'C3-230', 'AVAILABLE', 12, NULL, NULL),
	(3049, 'C3-231', 'AVAILABLE', 12, NULL, NULL),
	(3050, 'C3-232', 'AVAILABLE', 12, NULL, NULL),
	(3051, 'C3-233', 'AVAILABLE', 12, NULL, NULL),
	(3052, 'C3-234', 'AVAILABLE', 12, NULL, NULL),
	(3053, 'C3-235', 'AVAILABLE', 12, NULL, NULL),
	(3054, 'C3-236', 'AVAILABLE', 12, NULL, NULL),
	(3055, 'C3-237', 'AVAILABLE', 12, NULL, NULL),
	(3056, 'C3-238', 'AVAILABLE', 12, NULL, NULL),
	(3057, 'C3-239', 'AVAILABLE', 12, NULL, NULL),
	(3058, 'C3-240', 'AVAILABLE', 12, NULL, NULL),
	(3059, 'C3-241', 'AVAILABLE', 12, NULL, NULL),
	(3060, 'C3-242', 'AVAILABLE', 12, NULL, NULL),
	(3061, 'C3-243', 'AVAILABLE', 12, NULL, NULL),
	(3062, 'C3-244', 'AVAILABLE', 12, NULL, NULL),
	(3063, 'C3-245', 'AVAILABLE', 12, NULL, NULL),
	(3064, 'C3-246', 'AVAILABLE', 12, NULL, NULL),
	(3065, 'C3-247', 'AVAILABLE', 12, NULL, NULL),
	(3066, 'C3-248', 'AVAILABLE', 12, NULL, NULL),
	(3067, 'C3-249', 'AVAILABLE', 12, NULL, NULL),
	(3068, 'C3-250', 'AVAILABLE', 12, NULL, NULL),
	(3069, 'C3-251', 'AVAILABLE', 12, NULL, NULL),
	(3070, 'C3-252', 'AVAILABLE', 12, NULL, NULL),
	(3071, 'C3-253', 'AVAILABLE', 12, NULL, NULL),
	(3072, 'C3-254', 'AVAILABLE', 12, NULL, NULL),
	(3073, 'C3-255', 'AVAILABLE', 12, NULL, NULL),
	(3074, 'C3-256', 'AVAILABLE', 12, NULL, NULL),
	(3075, 'C3-257', 'AVAILABLE', 12, NULL, NULL),
	(3076, 'C3-258', 'AVAILABLE', 12, NULL, NULL),
	(3077, 'C3-259', 'AVAILABLE', 12, NULL, NULL),
	(3078, 'C3-260', 'AVAILABLE', 12, NULL, NULL),
	(3079, 'C3-261', 'AVAILABLE', 12, NULL, NULL),
	(3080, 'C3-262', 'AVAILABLE', 12, NULL, NULL),
	(3081, 'C3-263', 'AVAILABLE', 12, NULL, NULL),
	(3082, 'C3-264', 'AVAILABLE', 12, NULL, NULL),
	(3083, 'C3-265', 'AVAILABLE', 12, NULL, NULL),
	(3084, 'C3-266', 'AVAILABLE', 12, NULL, NULL),
	(3085, 'C3-267', 'AVAILABLE', 12, NULL, NULL),
	(3086, 'C3-268', 'AVAILABLE', 12, NULL, NULL),
	(3087, 'C3-269', 'AVAILABLE', 12, NULL, NULL),
	(3088, 'C3-270', 'AVAILABLE', 12, NULL, NULL),
	(3089, 'C3-271', 'AVAILABLE', 12, NULL, NULL),
	(3090, 'C3-272', 'AVAILABLE', 12, NULL, NULL),
	(3091, 'C3-273', 'AVAILABLE', 12, NULL, NULL),
	(3092, 'C3-274', 'AVAILABLE', 12, NULL, NULL),
	(3093, 'C3-275', 'AVAILABLE', 12, NULL, NULL),
	(3094, 'C3-276', 'AVAILABLE', 12, NULL, NULL),
	(3095, 'C3-277', 'AVAILABLE', 12, NULL, NULL),
	(3096, 'C3-278', 'AVAILABLE', 12, NULL, NULL),
	(3097, 'C3-279', 'AVAILABLE', 12, NULL, NULL),
	(3098, 'C3-280', 'AVAILABLE', 12, NULL, NULL),
	(3099, 'C3-281', 'AVAILABLE', 12, NULL, NULL),
	(3100, 'C3-282', 'AVAILABLE', 12, NULL, NULL),
	(3101, 'C3-283', 'AVAILABLE', 12, NULL, NULL),
	(3102, 'C3-284', 'AVAILABLE', 12, NULL, NULL),
	(3103, 'C3-285', 'AVAILABLE', 12, NULL, NULL),
	(3104, 'C3-286', 'AVAILABLE', 12, NULL, NULL),
	(3105, 'C3-287', 'AVAILABLE', 12, NULL, NULL),
	(3106, 'C3-288', 'AVAILABLE', 12, NULL, NULL),
	(3107, 'C3-289', 'AVAILABLE', 12, NULL, NULL),
	(3108, 'C3-290', 'AVAILABLE', 12, NULL, NULL),
	(3109, 'C3-291', 'AVAILABLE', 12, NULL, NULL),
	(3110, 'C3-292', 'AVAILABLE', 12, NULL, NULL),
	(3111, 'C3-293', 'AVAILABLE', 12, NULL, NULL),
	(3112, 'C3-294', 'AVAILABLE', 12, NULL, NULL),
	(3113, 'C3-295', 'AVAILABLE', 12, NULL, NULL),
	(3114, 'C3-296', 'AVAILABLE', 12, NULL, NULL),
	(3115, 'C3-297', 'AVAILABLE', 12, NULL, NULL),
	(3116, 'C3-298', 'AVAILABLE', 12, NULL, NULL),
	(3117, 'C3-299', 'AVAILABLE', 12, NULL, NULL),
	(3118, 'C3-300', 'AVAILABLE', 12, NULL, NULL),
	(3119, 'C3-301', 'AVAILABLE', 12, NULL, NULL),
	(3120, 'C3-302', 'AVAILABLE', 12, NULL, NULL),
	(3121, 'C3-303', 'AVAILABLE', 12, NULL, NULL),
	(3122, 'C3-304', 'AVAILABLE', 12, NULL, NULL),
	(3123, 'C3-305', 'AVAILABLE', 12, NULL, NULL),
	(3124, 'C3-306', 'AVAILABLE', 12, NULL, NULL),
	(3125, 'C3-307', 'AVAILABLE', 12, NULL, NULL),
	(3126, 'C3-308', 'AVAILABLE', 12, NULL, NULL),
	(3127, 'C3-309', 'AVAILABLE', 12, NULL, NULL),
	(3128, 'C3-310', 'AVAILABLE', 12, NULL, NULL),
	(3129, 'C3-311', 'AVAILABLE', 12, NULL, NULL),
	(3130, 'C3-312', 'AVAILABLE', 12, NULL, NULL),
	(3131, 'C3-313', 'AVAILABLE', 12, NULL, NULL),
	(3132, 'C3-314', 'AVAILABLE', 12, NULL, NULL),
	(3133, 'C3-315', 'AVAILABLE', 12, NULL, NULL),
	(3134, 'C3-316', 'AVAILABLE', 12, NULL, NULL),
	(3135, 'C3-317', 'AVAILABLE', 12, NULL, NULL),
	(3136, 'C3-318', 'AVAILABLE', 12, NULL, NULL),
	(3137, 'C3-319', 'AVAILABLE', 12, NULL, NULL),
	(3138, 'C3-320', 'AVAILABLE', 12, NULL, NULL),
	(3139, 'C3-321', 'AVAILABLE', 12, NULL, NULL),
	(3140, 'C3-322', 'AVAILABLE', 12, NULL, NULL),
	(3141, 'C3-323', 'AVAILABLE', 12, NULL, NULL),
	(3142, 'C3-324', 'AVAILABLE', 12, NULL, NULL),
	(3143, 'C3-325', 'AVAILABLE', 12, NULL, NULL),
	(3144, 'C3-326', 'AVAILABLE', 12, NULL, NULL),
	(3145, 'C3-327', 'AVAILABLE', 12, NULL, NULL),
	(3146, 'C3-328', 'AVAILABLE', 12, NULL, NULL),
	(3147, 'C3-329', 'AVAILABLE', 12, NULL, NULL),
	(3148, 'C3-330', 'AVAILABLE', 12, NULL, NULL),
	(3149, 'C3-331', 'AVAILABLE', 12, NULL, NULL),
	(3150, 'C3-332', 'AVAILABLE', 12, NULL, NULL),
	(3151, 'C3-333', 'AVAILABLE', 12, NULL, NULL),
	(3152, 'C3-334', 'AVAILABLE', 12, NULL, NULL),
	(3153, 'C3-335', 'AVAILABLE', 12, NULL, NULL),
	(3154, 'C3-336', 'AVAILABLE', 12, NULL, NULL),
	(3155, 'C3-337', 'AVAILABLE', 12, NULL, NULL),
	(3156, 'C3-338', 'AVAILABLE', 12, NULL, NULL),
	(3157, 'C3-339', 'AVAILABLE', 12, NULL, NULL),
	(3158, 'C3-340', 'AVAILABLE', 12, NULL, NULL),
	(3159, 'C3-341', 'AVAILABLE', 12, NULL, NULL),
	(3160, 'C3-342', 'AVAILABLE', 12, NULL, NULL),
	(3161, 'C3-343', 'AVAILABLE', 12, NULL, NULL),
	(3162, 'C3-344', 'AVAILABLE', 12, NULL, NULL),
	(3163, 'C3-345', 'AVAILABLE', 12, NULL, NULL),
	(3164, 'C3-346', 'AVAILABLE', 12, NULL, NULL),
	(3165, 'C3-347', 'AVAILABLE', 12, NULL, NULL),
	(3166, 'C3-348', 'AVAILABLE', 12, NULL, NULL),
	(3167, 'C3-349', 'AVAILABLE', 12, NULL, NULL),
	(3168, 'C3-350', 'AVAILABLE', 12, NULL, NULL),
	(3169, 'C3-351', 'AVAILABLE', 12, NULL, NULL),
	(3170, 'C3-352', 'AVAILABLE', 12, NULL, NULL),
	(3171, 'C3-353', 'AVAILABLE', 12, NULL, NULL),
	(3172, 'C3-354', 'AVAILABLE', 12, NULL, NULL),
	(3173, 'C3-355', 'AVAILABLE', 12, NULL, NULL),
	(3174, 'C3-356', 'AVAILABLE', 12, NULL, NULL),
	(3175, 'C3-357', 'AVAILABLE', 12, NULL, NULL),
	(3176, 'C3-358', 'AVAILABLE', 12, NULL, NULL),
	(3177, 'C3-359', 'AVAILABLE', 12, NULL, NULL),
	(3178, 'C3-360', 'AVAILABLE', 12, NULL, NULL),
	(3179, 'C3-361', 'AVAILABLE', 12, NULL, NULL),
	(3180, 'C3-362', 'AVAILABLE', 12, NULL, NULL),
	(3181, 'C3-363', 'AVAILABLE', 12, NULL, NULL),
	(3182, 'C3-364', 'AVAILABLE', 12, NULL, NULL),
	(3183, 'C3-365', 'AVAILABLE', 12, NULL, NULL),
	(3184, 'C3-366', 'AVAILABLE', 12, NULL, NULL),
	(3185, 'C3-367', 'AVAILABLE', 12, NULL, NULL),
	(3186, 'C3-368', 'AVAILABLE', 12, NULL, NULL),
	(3187, 'C3-369', 'AVAILABLE', 12, NULL, NULL),
	(3188, 'C3-370', 'AVAILABLE', 12, NULL, NULL),
	(3189, 'C3-371', 'AVAILABLE', 12, NULL, NULL),
	(3190, 'C3-372', 'AVAILABLE', 12, NULL, NULL),
	(3191, 'C3-373', 'AVAILABLE', 12, NULL, NULL),
	(3192, 'C3-374', 'AVAILABLE', 12, NULL, NULL),
	(3193, 'C3-375', 'AVAILABLE', 12, NULL, NULL),
	(3194, 'C3-376', 'AVAILABLE', 12, NULL, NULL),
	(3195, 'C3-377', 'AVAILABLE', 12, NULL, NULL),
	(3196, 'C3-378', 'AVAILABLE', 12, NULL, NULL),
	(3197, 'C3-379', 'AVAILABLE', 12, NULL, NULL),
	(3198, 'C3-380', 'AVAILABLE', 12, NULL, NULL),
	(3199, 'C3-381', 'AVAILABLE', 12, NULL, NULL),
	(3200, 'C3-382', 'AVAILABLE', 12, NULL, NULL),
	(3201, 'C3-383', 'AVAILABLE', 12, NULL, NULL),
	(3202, 'C3-384', 'AVAILABLE', 12, NULL, NULL),
	(3203, 'C3-385', 'AVAILABLE', 12, NULL, NULL),
	(3204, 'C3-386', 'AVAILABLE', 12, NULL, NULL),
	(3205, 'C3-387', 'AVAILABLE', 12, NULL, NULL),
	(3206, 'C3-388', 'AVAILABLE', 12, NULL, NULL),
	(3207, 'C3-389', 'AVAILABLE', 12, NULL, NULL),
	(3208, 'C3-390', 'AVAILABLE', 12, NULL, NULL),
	(3209, 'C3-391', 'AVAILABLE', 12, NULL, NULL),
	(3210, 'C3-392', 'AVAILABLE', 12, NULL, NULL),
	(3211, 'C3-393', 'AVAILABLE', 12, NULL, NULL),
	(3212, 'C3-394', 'AVAILABLE', 12, NULL, NULL),
	(3213, 'C3-395', 'AVAILABLE', 12, NULL, NULL),
	(3214, 'C3-396', 'AVAILABLE', 12, NULL, NULL),
	(3215, 'C3-397', 'AVAILABLE', 12, NULL, NULL),
	(3216, 'C3-398', 'AVAILABLE', 12, NULL, NULL),
	(3217, 'C3-399', 'AVAILABLE', 12, NULL, NULL),
	(3218, 'C3-400', 'AVAILABLE', 12, NULL, NULL),
	(3219, 'C3-401', 'AVAILABLE', 12, NULL, NULL),
	(3220, 'C3-402', 'AVAILABLE', 12, NULL, NULL),
	(3221, 'C3-403', 'AVAILABLE', 12, NULL, NULL),
	(3222, 'C3-404', 'AVAILABLE', 12, NULL, NULL),
	(3223, 'C3-405', 'AVAILABLE', 12, NULL, NULL),
	(3224, 'C3-406', 'AVAILABLE', 12, NULL, NULL),
	(3225, 'C3-407', 'AVAILABLE', 12, NULL, NULL),
	(3226, 'C3-408', 'AVAILABLE', 12, NULL, NULL),
	(3227, 'C3-409', 'AVAILABLE', 12, NULL, NULL),
	(3228, 'C3-410', 'AVAILABLE', 12, NULL, NULL),
	(3229, 'C3-411', 'AVAILABLE', 12, NULL, NULL),
	(3230, 'C3-412', 'AVAILABLE', 12, NULL, NULL),
	(3231, 'C3-413', 'AVAILABLE', 12, NULL, NULL),
	(3232, 'C3-414', 'AVAILABLE', 12, NULL, NULL),
	(3233, 'C3-415', 'AVAILABLE', 12, NULL, NULL),
	(3234, 'C3-416', 'AVAILABLE', 12, NULL, NULL),
	(3235, 'C3-417', 'AVAILABLE', 12, NULL, NULL),
	(3236, 'C3-418', 'AVAILABLE', 12, NULL, NULL),
	(3237, 'C3-419', 'AVAILABLE', 12, NULL, NULL),
	(3238, 'C3-420', 'AVAILABLE', 12, NULL, NULL),
	(3239, 'C3-421', 'AVAILABLE', 12, NULL, NULL),
	(3240, 'C3-422', 'AVAILABLE', 12, NULL, NULL),
	(3241, 'C3-423', 'AVAILABLE', 12, NULL, NULL),
	(3242, 'C3-424', 'AVAILABLE', 12, NULL, NULL),
	(3243, 'C3-425', 'AVAILABLE', 12, NULL, NULL),
	(3244, 'C3-426', 'AVAILABLE', 12, NULL, NULL),
	(3245, 'C3-427', 'AVAILABLE', 12, NULL, NULL),
	(3246, 'C3-428', 'AVAILABLE', 12, NULL, NULL),
	(3247, 'C3-429', 'AVAILABLE', 12, NULL, NULL),
	(3248, 'C3-430', 'AVAILABLE', 12, NULL, NULL),
	(3249, 'C3-431', 'AVAILABLE', 12, NULL, NULL),
	(3250, 'C3-432', 'AVAILABLE', 12, NULL, NULL),
	(3251, 'C3-433', 'AVAILABLE', 12, NULL, NULL),
	(3252, 'C3-434', 'AVAILABLE', 12, NULL, NULL),
	(3253, 'C3-435', 'AVAILABLE', 12, NULL, NULL),
	(3254, 'C3-436', 'AVAILABLE', 12, NULL, NULL),
	(3255, 'C3-437', 'AVAILABLE', 12, NULL, NULL),
	(3256, 'C3-438', 'AVAILABLE', 12, NULL, NULL),
	(3257, 'C3-439', 'AVAILABLE', 12, NULL, NULL),
	(3258, 'C3-440', 'AVAILABLE', 12, NULL, NULL),
	(3259, 'C3-441', 'AVAILABLE', 12, NULL, NULL),
	(3260, 'C3-442', 'AVAILABLE', 12, NULL, NULL),
	(3261, 'D1-1', 'AVAILABLE', 13, NULL, NULL),
	(3262, 'D1-2', 'AVAILABLE', 13, NULL, NULL),
	(3263, 'D1-3', 'AVAILABLE', 13, NULL, NULL),
	(3264, 'D1-4', 'AVAILABLE', 13, NULL, NULL),
	(3265, 'D1-5', 'AVAILABLE', 13, NULL, NULL),
	(3266, 'D1-6', 'AVAILABLE', 13, NULL, NULL),
	(3267, 'D1-7', 'AVAILABLE', 13, NULL, NULL),
	(3268, 'D1-8', 'AVAILABLE', 13, NULL, NULL),
	(3269, 'D1-9', 'AVAILABLE', 13, NULL, NULL),
	(3270, 'D1-10', 'AVAILABLE', 13, NULL, NULL),
	(3271, 'D1-11', 'AVAILABLE', 13, NULL, NULL),
	(3272, 'D1-12', 'AVAILABLE', 13, NULL, NULL),
	(3273, 'D1-13', 'AVAILABLE', 13, NULL, NULL),
	(3274, 'D1-14', 'AVAILABLE', 13, NULL, NULL),
	(3275, 'D1-15', 'AVAILABLE', 13, NULL, NULL),
	(3276, 'D1-16', 'AVAILABLE', 13, NULL, NULL),
	(3277, 'D1-17', 'AVAILABLE', 13, NULL, NULL),
	(3278, 'D1-18', 'AVAILABLE', 13, NULL, NULL),
	(3279, 'D1-19', 'AVAILABLE', 13, NULL, NULL),
	(3280, 'D1-20', 'AVAILABLE', 13, NULL, NULL),
	(3281, 'D1-21', 'AVAILABLE', 13, NULL, NULL),
	(3282, 'D1-22', 'AVAILABLE', 13, NULL, NULL),
	(3283, 'D1-23', 'AVAILABLE', 13, NULL, NULL),
	(3284, 'D1-24', 'AVAILABLE', 13, NULL, NULL),
	(3285, 'D1-25', 'AVAILABLE', 13, NULL, NULL),
	(3286, 'D1-26', 'AVAILABLE', 13, NULL, NULL),
	(3287, 'D1-27', 'AVAILABLE', 13, NULL, NULL),
	(3288, 'D1-28', 'AVAILABLE', 13, NULL, NULL),
	(3289, 'D1-29', 'AVAILABLE', 13, NULL, NULL),
	(3290, 'D1-30', 'AVAILABLE', 13, NULL, NULL),
	(3291, 'D1-31', 'AVAILABLE', 13, NULL, NULL),
	(3292, 'D1-32', 'AVAILABLE', 13, NULL, NULL),
	(3293, 'D1-33', 'AVAILABLE', 13, NULL, NULL),
	(3294, 'D1-34', 'AVAILABLE', 13, NULL, NULL),
	(3295, 'D1-35', 'AVAILABLE', 13, NULL, NULL),
	(3296, 'D1-36', 'AVAILABLE', 13, NULL, NULL),
	(3297, 'D1-37', 'AVAILABLE', 13, NULL, NULL),
	(3298, 'D1-38', 'AVAILABLE', 13, NULL, NULL),
	(3299, 'D1-39', 'AVAILABLE', 13, NULL, NULL),
	(3300, 'D1-40', 'AVAILABLE', 13, NULL, NULL),
	(3301, 'D1-41', 'AVAILABLE', 13, NULL, NULL),
	(3302, 'D1-42', 'AVAILABLE', 13, NULL, NULL),
	(3303, 'D1-43', 'AVAILABLE', 13, NULL, NULL),
	(3304, 'D1-44', 'AVAILABLE', 13, NULL, NULL),
	(3305, 'D1-45', 'AVAILABLE', 13, NULL, NULL),
	(3306, 'D1-46', 'AVAILABLE', 13, NULL, NULL),
	(3307, 'D1-47', 'AVAILABLE', 13, NULL, NULL),
	(3308, 'D1-48', 'AVAILABLE', 13, NULL, NULL),
	(3309, 'D1-49', 'AVAILABLE', 13, NULL, NULL),
	(3310, 'D1-50', 'AVAILABLE', 13, NULL, NULL),
	(3311, 'D1-51', 'AVAILABLE', 13, NULL, NULL),
	(3312, 'D1-52', 'AVAILABLE', 13, NULL, NULL),
	(3313, 'D1-53', 'AVAILABLE', 13, NULL, NULL),
	(3314, 'D1-54', 'AVAILABLE', 13, NULL, NULL),
	(3315, 'D1-55', 'AVAILABLE', 13, NULL, NULL),
	(3316, 'D1-56', 'AVAILABLE', 13, NULL, NULL),
	(3317, 'D1-57', 'AVAILABLE', 13, NULL, NULL),
	(3318, 'D1-58', 'AVAILABLE', 13, NULL, NULL),
	(3319, 'D1-59', 'AVAILABLE', 13, NULL, NULL),
	(3320, 'D1-60', 'AVAILABLE', 13, NULL, NULL),
	(3321, 'D1-61', 'AVAILABLE', 13, NULL, NULL),
	(3322, 'D1-62', 'AVAILABLE', 13, NULL, NULL),
	(3323, 'D1-63', 'AVAILABLE', 13, NULL, NULL),
	(3324, 'D1-64', 'AVAILABLE', 13, NULL, NULL),
	(3325, 'D1-65', 'AVAILABLE', 13, NULL, NULL),
	(3326, 'D1-66', 'AVAILABLE', 13, NULL, NULL),
	(3327, 'D1-67', 'AVAILABLE', 13, NULL, NULL),
	(3328, 'D1-68', 'AVAILABLE', 13, NULL, NULL),
	(3329, 'D1-69', 'AVAILABLE', 13, NULL, NULL),
	(3330, 'D1-70', 'AVAILABLE', 13, NULL, NULL),
	(3331, 'D1-71', 'AVAILABLE', 13, NULL, NULL),
	(3332, 'D1-72', 'AVAILABLE', 13, NULL, NULL),
	(3333, 'D1-73', 'AVAILABLE', 13, NULL, NULL),
	(3334, 'D1-74', 'AVAILABLE', 13, NULL, NULL),
	(3335, 'D1-75', 'AVAILABLE', 13, NULL, NULL),
	(3336, 'D1-76', 'AVAILABLE', 13, NULL, NULL),
	(3337, 'D1-77', 'AVAILABLE', 13, NULL, NULL),
	(3338, 'D1-78', 'AVAILABLE', 13, NULL, NULL),
	(3339, 'D1-79', 'AVAILABLE', 13, NULL, NULL),
	(3340, 'D1-80', 'AVAILABLE', 13, NULL, NULL),
	(3341, 'D1-81', 'AVAILABLE', 13, NULL, NULL),
	(3342, 'D1-82', 'AVAILABLE', 13, NULL, NULL),
	(3343, 'D1-83', 'AVAILABLE', 13, NULL, NULL),
	(3344, 'D1-84', 'AVAILABLE', 13, NULL, NULL),
	(3345, 'D1-85', 'AVAILABLE', 13, NULL, NULL),
	(3346, 'D1-86', 'AVAILABLE', 13, NULL, NULL),
	(3347, 'D1-87', 'AVAILABLE', 13, NULL, NULL),
	(3348, 'D1-88', 'AVAILABLE', 13, NULL, NULL),
	(3349, 'D1-89', 'AVAILABLE', 13, NULL, NULL),
	(3350, 'D1-90', 'AVAILABLE', 13, NULL, NULL),
	(3351, 'D1-91', 'AVAILABLE', 13, NULL, NULL),
	(3352, 'D1-92', 'AVAILABLE', 13, NULL, NULL),
	(3353, 'D1-93', 'AVAILABLE', 13, NULL, NULL),
	(3354, 'D1-94', 'AVAILABLE', 13, NULL, NULL),
	(3355, 'D1-95', 'AVAILABLE', 13, NULL, NULL),
	(3356, 'D1-96', 'AVAILABLE', 13, NULL, NULL),
	(3357, 'D1-97', 'AVAILABLE', 13, NULL, NULL),
	(3358, 'D1-98', 'AVAILABLE', 13, NULL, NULL),
	(3359, 'D1-99', 'AVAILABLE', 13, NULL, NULL),
	(3360, 'D1-100', 'AVAILABLE', 13, NULL, NULL),
	(3361, 'D1-101', 'AVAILABLE', 13, NULL, NULL),
	(3362, 'D1-102', 'AVAILABLE', 13, NULL, NULL),
	(3363, 'D1-103', 'AVAILABLE', 13, NULL, NULL),
	(3364, 'D1-104', 'AVAILABLE', 13, NULL, NULL),
	(3365, 'D1-105', 'AVAILABLE', 13, NULL, NULL),
	(3366, 'D1-106', 'AVAILABLE', 13, NULL, NULL),
	(3367, 'D1-107', 'AVAILABLE', 13, NULL, NULL),
	(3368, 'D1-108', 'AVAILABLE', 13, NULL, NULL),
	(3369, 'D1-109', 'AVAILABLE', 13, NULL, NULL),
	(3370, 'D1-110', 'AVAILABLE', 13, NULL, NULL),
	(3371, 'D1-111', 'AVAILABLE', 13, NULL, NULL),
	(3372, 'D1-112', 'AVAILABLE', 13, NULL, NULL),
	(3373, 'D1-113', 'AVAILABLE', 13, NULL, NULL),
	(3374, 'D1-114', 'AVAILABLE', 13, NULL, NULL),
	(3375, 'D1-115', 'AVAILABLE', 13, NULL, NULL),
	(3376, 'D1-116', 'AVAILABLE', 13, NULL, NULL),
	(3377, 'D1-117', 'AVAILABLE', 13, NULL, NULL),
	(3378, 'D1-118', 'AVAILABLE', 13, NULL, NULL),
	(3379, 'D1-119', 'AVAILABLE', 13, NULL, NULL),
	(3380, 'D1-120', 'AVAILABLE', 13, NULL, NULL),
	(3381, 'D1-121', 'AVAILABLE', 13, NULL, NULL),
	(3382, 'D1-122', 'AVAILABLE', 13, NULL, NULL),
	(3383, 'D1-123', 'AVAILABLE', 13, NULL, NULL),
	(3384, 'D1-124', 'AVAILABLE', 13, NULL, NULL),
	(3385, 'D1-125', 'AVAILABLE', 13, NULL, NULL),
	(3386, 'D1-126', 'AVAILABLE', 13, NULL, NULL),
	(3387, 'D1-127', 'AVAILABLE', 13, NULL, NULL),
	(3388, 'D1-128', 'AVAILABLE', 13, NULL, NULL),
	(3389, 'D1-129', 'AVAILABLE', 13, NULL, NULL),
	(3390, 'D1-130', 'AVAILABLE', 13, NULL, NULL),
	(3391, 'D1-131', 'AVAILABLE', 13, NULL, NULL),
	(3392, 'D1-132', 'AVAILABLE', 13, NULL, NULL),
	(3393, 'D1-133', 'AVAILABLE', 13, NULL, NULL),
	(3394, 'D1-134', 'AVAILABLE', 13, NULL, NULL),
	(3395, 'D1-135', 'AVAILABLE', 13, NULL, NULL),
	(3396, 'D1-136', 'AVAILABLE', 13, NULL, NULL),
	(3397, 'D1-137', 'AVAILABLE', 13, NULL, NULL),
	(3398, 'D1-138', 'AVAILABLE', 13, NULL, NULL),
	(3399, 'D1-139', 'AVAILABLE', 13, NULL, NULL),
	(3400, 'D1-140', 'AVAILABLE', 13, NULL, NULL),
	(3401, 'D1-141', 'AVAILABLE', 13, NULL, NULL),
	(3402, 'D1-142', 'AVAILABLE', 13, NULL, NULL),
	(3403, 'D1-143', 'AVAILABLE', 13, NULL, NULL),
	(3404, 'D1-144', 'AVAILABLE', 13, NULL, NULL),
	(3405, 'D1-145', 'AVAILABLE', 13, NULL, NULL),
	(3406, 'D1-146', 'AVAILABLE', 13, NULL, NULL),
	(3407, 'D1-147', 'AVAILABLE', 13, NULL, NULL),
	(3408, 'D1-148', 'AVAILABLE', 13, NULL, NULL),
	(3409, 'D1-149', 'AVAILABLE', 13, NULL, NULL),
	(3410, 'D1-150', 'AVAILABLE', 13, NULL, NULL),
	(3411, 'D1-151', 'AVAILABLE', 13, NULL, NULL),
	(3412, 'D1-152', 'AVAILABLE', 13, NULL, NULL),
	(3413, 'D1-153', 'AVAILABLE', 13, NULL, NULL),
	(3414, 'D1-154', 'AVAILABLE', 13, NULL, NULL),
	(3415, 'D1-155', 'AVAILABLE', 13, NULL, NULL),
	(3416, 'D1-156', 'AVAILABLE', 13, NULL, NULL),
	(3417, 'D2-1', 'AVAILABLE', 14, NULL, NULL),
	(3418, 'D2-2', 'AVAILABLE', 14, NULL, NULL),
	(3419, 'D2-3', 'AVAILABLE', 14, NULL, NULL),
	(3420, 'D2-4', 'AVAILABLE', 14, NULL, NULL),
	(3421, 'D2-5', 'AVAILABLE', 14, NULL, NULL),
	(3422, 'D2-6', 'AVAILABLE', 14, NULL, NULL),
	(3423, 'D2-7', 'AVAILABLE', 14, NULL, NULL),
	(3424, 'D2-8', 'AVAILABLE', 14, NULL, NULL),
	(3425, 'D2-9', 'AVAILABLE', 14, NULL, NULL),
	(3426, 'D2-10', 'AVAILABLE', 14, NULL, NULL),
	(3427, 'D2-11', 'AVAILABLE', 14, NULL, NULL),
	(3428, 'D2-12', 'AVAILABLE', 14, NULL, NULL),
	(3429, 'D2-13', 'AVAILABLE', 14, NULL, NULL),
	(3430, 'D2-14', 'AVAILABLE', 14, NULL, NULL),
	(3431, 'D2-15', 'AVAILABLE', 14, NULL, NULL),
	(3432, 'D2-16', 'AVAILABLE', 14, NULL, NULL),
	(3433, 'D2-17', 'AVAILABLE', 14, NULL, NULL),
	(3434, 'D2-18', 'AVAILABLE', 14, NULL, NULL),
	(3435, 'D2-19', 'AVAILABLE', 14, NULL, NULL),
	(3436, 'D2-20', 'AVAILABLE', 14, NULL, NULL),
	(3437, 'D2-21', 'AVAILABLE', 14, NULL, NULL),
	(3438, 'D2-22', 'AVAILABLE', 14, NULL, NULL),
	(3439, 'D2-23', 'AVAILABLE', 14, NULL, NULL),
	(3440, 'D2-24', 'AVAILABLE', 14, NULL, NULL),
	(3441, 'D2-25', 'AVAILABLE', 14, NULL, NULL),
	(3442, 'D2-26', 'AVAILABLE', 14, NULL, NULL),
	(3443, 'D2-27', 'AVAILABLE', 14, NULL, NULL),
	(3444, 'D2-28', 'AVAILABLE', 14, NULL, NULL),
	(3445, 'D2-29', 'AVAILABLE', 14, NULL, NULL),
	(3446, 'D2-30', 'AVAILABLE', 14, NULL, NULL),
	(3447, 'D2-31', 'AVAILABLE', 14, NULL, NULL),
	(3448, 'D2-32', 'AVAILABLE', 14, NULL, NULL),
	(3449, 'D2-33', 'AVAILABLE', 14, NULL, NULL),
	(3450, 'D2-34', 'AVAILABLE', 14, NULL, NULL),
	(3451, 'D2-35', 'AVAILABLE', 14, NULL, NULL),
	(3452, 'D2-36', 'AVAILABLE', 14, NULL, NULL),
	(3453, 'D2-37', 'AVAILABLE', 14, NULL, NULL),
	(3454, 'D2-38', 'AVAILABLE', 14, NULL, NULL),
	(3455, 'D2-39', 'AVAILABLE', 14, NULL, NULL),
	(3456, 'D2-40', 'AVAILABLE', 14, NULL, NULL),
	(3457, 'D2-41', 'AVAILABLE', 14, NULL, NULL),
	(3458, 'D2-42', 'AVAILABLE', 14, NULL, NULL),
	(3459, 'D2-43', 'AVAILABLE', 14, NULL, NULL),
	(3460, 'D2-44', 'AVAILABLE', 14, NULL, NULL),
	(3461, 'D2-45', 'AVAILABLE', 14, NULL, NULL),
	(3462, 'D2-46', 'AVAILABLE', 14, NULL, NULL),
	(3463, 'D2-47', 'AVAILABLE', 14, NULL, NULL),
	(3464, 'D2-48', 'AVAILABLE', 14, NULL, NULL),
	(3465, 'D2-49', 'AVAILABLE', 14, NULL, NULL),
	(3466, 'D2-50', 'AVAILABLE', 14, NULL, NULL),
	(3467, 'D2-51', 'AVAILABLE', 14, NULL, NULL),
	(3468, 'D2-52', 'AVAILABLE', 14, NULL, NULL),
	(3469, 'D2-53', 'AVAILABLE', 14, NULL, NULL),
	(3470, 'D2-54', 'AVAILABLE', 14, NULL, NULL),
	(3471, 'D2-55', 'AVAILABLE', 14, NULL, NULL),
	(3472, 'D2-56', 'AVAILABLE', 14, NULL, NULL),
	(3473, 'D2-57', 'AVAILABLE', 14, NULL, NULL),
	(3474, 'D2-58', 'AVAILABLE', 14, NULL, NULL),
	(3475, 'D2-59', 'AVAILABLE', 14, NULL, NULL),
	(3476, 'D2-60', 'AVAILABLE', 14, NULL, NULL),
	(3477, 'D2-61', 'AVAILABLE', 14, NULL, NULL),
	(3478, 'D2-62', 'AVAILABLE', 14, NULL, NULL),
	(3479, 'D2-63', 'AVAILABLE', 14, NULL, NULL),
	(3480, 'D2-64', 'AVAILABLE', 14, NULL, NULL),
	(3481, 'D2-65', 'AVAILABLE', 14, NULL, NULL),
	(3482, 'D2-66', 'AVAILABLE', 14, NULL, NULL),
	(3483, 'D2-67', 'AVAILABLE', 14, NULL, NULL),
	(3484, 'D2-68', 'AVAILABLE', 14, NULL, NULL),
	(3485, 'D2-69', 'AVAILABLE', 14, NULL, NULL),
	(3486, 'D2-70', 'AVAILABLE', 14, NULL, NULL),
	(3487, 'D2-71', 'AVAILABLE', 14, NULL, NULL),
	(3488, 'D2-72', 'AVAILABLE', 14, NULL, NULL),
	(3489, 'D2-73', 'AVAILABLE', 14, NULL, NULL),
	(3490, 'D2-74', 'AVAILABLE', 14, NULL, NULL),
	(3491, 'D2-75', 'AVAILABLE', 14, NULL, NULL),
	(3492, 'D2-76', 'AVAILABLE', 14, NULL, NULL),
	(3493, 'D2-77', 'AVAILABLE', 14, NULL, NULL),
	(3494, 'D2-78', 'AVAILABLE', 14, NULL, NULL),
	(3495, 'D2-79', 'AVAILABLE', 14, NULL, NULL),
	(3496, 'D2-80', 'AVAILABLE', 14, NULL, NULL),
	(3497, 'D2-81', 'AVAILABLE', 14, NULL, NULL),
	(3498, 'D2-82', 'AVAILABLE', 14, NULL, NULL),
	(3499, 'D2-83', 'AVAILABLE', 14, NULL, NULL),
	(3500, 'D2-84', 'AVAILABLE', 14, NULL, NULL),
	(3501, 'D2-85', 'AVAILABLE', 14, NULL, NULL),
	(3502, 'D2-86', 'AVAILABLE', 14, NULL, NULL),
	(3503, 'D2-87', 'AVAILABLE', 14, NULL, NULL),
	(3504, 'D2-88', 'AVAILABLE', 14, NULL, NULL),
	(3505, 'D2-89', 'AVAILABLE', 14, NULL, NULL),
	(3506, 'D2-90', 'AVAILABLE', 14, NULL, NULL),
	(3507, 'D2-91', 'AVAILABLE', 14, NULL, NULL),
	(3508, 'D2-92', 'AVAILABLE', 14, NULL, NULL),
	(3509, 'D2-93', 'AVAILABLE', 14, NULL, NULL),
	(3510, 'D2-94', 'AVAILABLE', 14, NULL, NULL),
	(3511, 'D2-95', 'AVAILABLE', 14, NULL, NULL),
	(3512, 'D2-96', 'AVAILABLE', 14, NULL, NULL),
	(3513, 'D2-97', 'AVAILABLE', 14, NULL, NULL),
	(3514, 'D2-98', 'AVAILABLE', 14, NULL, NULL),
	(3515, 'D2-99', 'AVAILABLE', 14, NULL, NULL),
	(3516, 'D2-100', 'AVAILABLE', 14, NULL, NULL),
	(3517, 'D2-101', 'AVAILABLE', 14, NULL, NULL),
	(3518, 'D2-102', 'AVAILABLE', 14, NULL, NULL),
	(3519, 'D2-103', 'AVAILABLE', 14, NULL, NULL),
	(3520, 'D2-104', 'AVAILABLE', 14, NULL, NULL),
	(3521, 'D2-105', 'AVAILABLE', 14, NULL, NULL),
	(3522, 'D2-106', 'AVAILABLE', 14, NULL, NULL),
	(3523, 'D2-107', 'AVAILABLE', 14, NULL, NULL),
	(3524, 'D2-108', 'AVAILABLE', 14, NULL, NULL),
	(3525, 'D2-109', 'AVAILABLE', 14, NULL, NULL),
	(3526, 'D2-110', 'AVAILABLE', 14, NULL, NULL),
	(3527, 'D2-111', 'AVAILABLE', 14, NULL, NULL),
	(3528, 'D2-112', 'AVAILABLE', 14, NULL, NULL),
	(3529, 'D2-113', 'AVAILABLE', 14, NULL, NULL),
	(3530, 'D2-114', 'AVAILABLE', 14, NULL, NULL),
	(3531, 'D2-115', 'AVAILABLE', 14, NULL, NULL),
	(3532, 'D2-116', 'AVAILABLE', 14, NULL, NULL),
	(3533, 'D2-117', 'AVAILABLE', 14, NULL, NULL),
	(3534, 'D2-118', 'AVAILABLE', 14, NULL, NULL),
	(3535, 'D2-119', 'AVAILABLE', 14, NULL, NULL),
	(3536, 'D2-120', 'AVAILABLE', 14, NULL, NULL),
	(3537, 'D2-121', 'AVAILABLE', 14, NULL, NULL),
	(3538, 'D2-122', 'AVAILABLE', 14, NULL, NULL),
	(3539, 'D2-123', 'AVAILABLE', 14, NULL, NULL),
	(3540, 'D2-124', 'AVAILABLE', 14, NULL, NULL),
	(3541, 'D2-125', 'AVAILABLE', 14, NULL, NULL),
	(3542, 'D2-126', 'AVAILABLE', 14, NULL, NULL),
	(3543, 'D2-127', 'AVAILABLE', 14, NULL, NULL),
	(3544, 'D2-128', 'AVAILABLE', 14, NULL, NULL),
	(3545, 'D2-129', 'AVAILABLE', 14, NULL, NULL),
	(3546, 'D2-130', 'AVAILABLE', 14, NULL, NULL),
	(3547, 'D2-131', 'AVAILABLE', 14, NULL, NULL),
	(3548, 'D2-132', 'AVAILABLE', 14, NULL, NULL),
	(3549, 'D2-133', 'AVAILABLE', 14, NULL, NULL),
	(3550, 'D2-134', 'AVAILABLE', 14, NULL, NULL),
	(3551, 'D2-135', 'AVAILABLE', 14, NULL, NULL),
	(3552, 'D2-136', 'AVAILABLE', 14, NULL, NULL),
	(3553, 'D2-137', 'AVAILABLE', 14, NULL, NULL),
	(3554, 'D2-138', 'AVAILABLE', 14, NULL, NULL),
	(3555, 'D2-139', 'AVAILABLE', 14, NULL, NULL),
	(3556, 'D2-140', 'AVAILABLE', 14, NULL, NULL),
	(3557, 'D2-141', 'AVAILABLE', 14, NULL, NULL),
	(3558, 'D2-142', 'AVAILABLE', 14, NULL, NULL),
	(3559, 'D2-143', 'AVAILABLE', 14, NULL, NULL),
	(3560, 'D2-144', 'AVAILABLE', 14, NULL, NULL),
	(3561, 'D2-145', 'AVAILABLE', 14, NULL, NULL),
	(3562, 'D2-146', 'AVAILABLE', 14, NULL, NULL),
	(3563, 'D2-147', 'AVAILABLE', 14, NULL, NULL),
	(3564, 'D2-148', 'AVAILABLE', 14, NULL, NULL),
	(3565, 'D2-149', 'AVAILABLE', 14, NULL, NULL),
	(3566, 'D2-150', 'AVAILABLE', 14, NULL, NULL),
	(3567, 'D2-151', 'AVAILABLE', 14, NULL, NULL),
	(3568, 'D2-152', 'AVAILABLE', 14, NULL, NULL),
	(3569, 'D2-153', 'AVAILABLE', 14, NULL, NULL),
	(3570, 'D2-154', 'AVAILABLE', 14, NULL, NULL),
	(3571, 'D2-155', 'AVAILABLE', 14, NULL, NULL),
	(3572, 'D2-156', 'AVAILABLE', 14, NULL, NULL),
	(3573, 'D2-157', 'AVAILABLE', 14, NULL, NULL),
	(3574, 'D2-158', 'AVAILABLE', 14, NULL, NULL),
	(3575, 'D2-159', 'AVAILABLE', 14, NULL, NULL),
	(3576, 'D2-160', 'AVAILABLE', 14, NULL, NULL),
	(3577, 'D2-161', 'AVAILABLE', 14, NULL, NULL),
	(3578, 'D2-162', 'AVAILABLE', 14, NULL, NULL),
	(3579, 'D2-163', 'AVAILABLE', 14, NULL, NULL),
	(3580, 'D2-164', 'AVAILABLE', 14, NULL, NULL),
	(3581, 'D2-165', 'AVAILABLE', 14, NULL, NULL),
	(3582, 'D2-166', 'AVAILABLE', 14, NULL, NULL),
	(3583, 'D2-167', 'AVAILABLE', 14, NULL, NULL),
	(3584, 'D2-168', 'AVAILABLE', 14, NULL, NULL),
	(3585, 'D2-169', 'AVAILABLE', 14, NULL, NULL),
	(3586, 'D2-170', 'AVAILABLE', 14, NULL, NULL),
	(3587, 'D2-171', 'AVAILABLE', 14, NULL, NULL),
	(3588, 'D2-172', 'AVAILABLE', 14, NULL, NULL),
	(3589, 'D2-173', 'AVAILABLE', 14, NULL, NULL),
	(3590, 'D2-174', 'AVAILABLE', 14, NULL, NULL),
	(3591, 'D2-175', 'AVAILABLE', 14, NULL, NULL),
	(3592, 'D2-176', 'AVAILABLE', 14, NULL, NULL),
	(3593, 'D2-177', 'AVAILABLE', 14, NULL, NULL),
	(3594, 'D2-178', 'AVAILABLE', 14, NULL, NULL),
	(3595, 'D2-179', 'AVAILABLE', 14, NULL, NULL),
	(3596, 'D2-180', 'AVAILABLE', 14, NULL, NULL),
	(3597, 'D2-181', 'AVAILABLE', 14, NULL, NULL),
	(3598, 'D2-182', 'AVAILABLE', 14, NULL, NULL),
	(3599, 'D2-183', 'AVAILABLE', 14, NULL, NULL),
	(3600, 'D2-184', 'AVAILABLE', 14, NULL, NULL),
	(3601, 'D2-185', 'AVAILABLE', 14, NULL, NULL),
	(3602, 'D2-186', 'AVAILABLE', 14, NULL, NULL),
	(3603, 'D2-187', 'AVAILABLE', 14, NULL, NULL),
	(3604, 'D2-188', 'AVAILABLE', 14, NULL, NULL),
	(3605, 'D2-189', 'AVAILABLE', 14, NULL, NULL),
	(3606, 'D2-190', 'AVAILABLE', 14, NULL, NULL),
	(3607, 'D2-191', 'AVAILABLE', 14, NULL, NULL),
	(3608, 'D2-192', 'AVAILABLE', 14, NULL, NULL),
	(3609, 'D2-193', 'AVAILABLE', 14, NULL, NULL),
	(3610, 'D2-194', 'AVAILABLE', 14, NULL, NULL),
	(3611, 'D2-195', 'AVAILABLE', 14, NULL, NULL),
	(3612, 'D2-196', 'AVAILABLE', 14, NULL, NULL),
	(3613, 'D2-197', 'AVAILABLE', 14, NULL, NULL),
	(3614, 'D2-198', 'AVAILABLE', 14, NULL, NULL),
	(3615, 'D2-199', 'AVAILABLE', 14, NULL, NULL),
	(3616, 'D2-200', 'AVAILABLE', 14, NULL, NULL),
	(3617, 'D2-201', 'AVAILABLE', 14, NULL, NULL),
	(3618, 'D2-202', 'AVAILABLE', 14, NULL, NULL),
	(3619, 'D2-203', 'AVAILABLE', 14, NULL, NULL),
	(3620, 'D2-204', 'AVAILABLE', 14, NULL, NULL),
	(3621, 'D2-205', 'AVAILABLE', 14, NULL, NULL),
	(3622, 'D2-206', 'AVAILABLE', 14, NULL, NULL),
	(3623, 'D2-207', 'AVAILABLE', 14, NULL, NULL),
	(3624, 'D2-208', 'AVAILABLE', 14, NULL, NULL),
	(3625, 'D2-209', 'AVAILABLE', 14, NULL, NULL),
	(3626, 'D2-210', 'AVAILABLE', 14, NULL, NULL),
	(3627, 'D2-211', 'AVAILABLE', 14, NULL, NULL),
	(3628, 'D2-212', 'AVAILABLE', 14, NULL, NULL),
	(3629, 'D2-213', 'AVAILABLE', 14, NULL, NULL),
	(3630, 'D2-214', 'AVAILABLE', 14, NULL, NULL),
	(3631, 'D2-215', 'AVAILABLE', 14, NULL, NULL),
	(3632, 'D2-216', 'AVAILABLE', 14, NULL, NULL),
	(3633, 'D2-217', 'AVAILABLE', 14, NULL, NULL),
	(3634, 'D2-218', 'AVAILABLE', 14, NULL, NULL),
	(3635, 'D2-219', 'AVAILABLE', 14, NULL, NULL),
	(3636, 'D2-220', 'AVAILABLE', 14, NULL, NULL),
	(3637, 'D2-221', 'AVAILABLE', 14, NULL, NULL),
	(3638, 'D3-1', 'AVAILABLE', 15, NULL, NULL),
	(3639, 'D3-2', 'AVAILABLE', 15, NULL, NULL),
	(3640, 'D3-3', 'AVAILABLE', 15, NULL, NULL),
	(3641, 'D3-4', 'AVAILABLE', 15, NULL, NULL),
	(3642, 'D3-5', 'AVAILABLE', 15, NULL, NULL),
	(3643, 'D3-6', 'AVAILABLE', 15, NULL, NULL),
	(3644, 'D3-7', 'AVAILABLE', 15, NULL, NULL),
	(3645, 'D3-8', 'AVAILABLE', 15, NULL, NULL),
	(3646, 'D3-9', 'AVAILABLE', 15, NULL, NULL),
	(3647, 'D3-10', 'AVAILABLE', 15, NULL, NULL),
	(3648, 'D3-11', 'AVAILABLE', 15, NULL, NULL),
	(3649, 'D3-12', 'AVAILABLE', 15, NULL, NULL),
	(3650, 'D3-13', 'AVAILABLE', 15, NULL, NULL),
	(3651, 'D3-14', 'AVAILABLE', 15, NULL, NULL),
	(3652, 'D3-15', 'AVAILABLE', 15, NULL, NULL),
	(3653, 'D3-16', 'AVAILABLE', 15, NULL, NULL),
	(3654, 'D3-17', 'AVAILABLE', 15, NULL, NULL),
	(3655, 'D3-18', 'AVAILABLE', 15, NULL, NULL),
	(3656, 'D3-19', 'AVAILABLE', 15, NULL, NULL),
	(3657, 'D3-20', 'AVAILABLE', 15, NULL, NULL),
	(3658, 'D3-21', 'AVAILABLE', 15, NULL, NULL),
	(3659, 'D3-22', 'AVAILABLE', 15, NULL, NULL),
	(3660, 'D3-23', 'AVAILABLE', 15, NULL, NULL),
	(3661, 'D3-24', 'AVAILABLE', 15, NULL, NULL),
	(3662, 'D3-25', 'AVAILABLE', 15, NULL, NULL),
	(3663, 'D3-26', 'AVAILABLE', 15, NULL, NULL),
	(3664, 'D3-27', 'AVAILABLE', 15, NULL, NULL),
	(3665, 'D3-28', 'AVAILABLE', 15, NULL, NULL),
	(3666, 'D3-29', 'AVAILABLE', 15, NULL, NULL),
	(3667, 'D3-30', 'AVAILABLE', 15, NULL, NULL),
	(3668, 'D3-31', 'AVAILABLE', 15, NULL, NULL),
	(3669, 'D3-32', 'AVAILABLE', 15, NULL, NULL),
	(3670, 'D3-33', 'AVAILABLE', 15, NULL, NULL),
	(3671, 'D3-34', 'AVAILABLE', 15, NULL, NULL),
	(3672, 'D3-35', 'AVAILABLE', 15, NULL, NULL),
	(3673, 'D3-36', 'AVAILABLE', 15, NULL, NULL),
	(3674, 'D3-37', 'AVAILABLE', 15, NULL, NULL),
	(3675, 'D3-38', 'AVAILABLE', 15, NULL, NULL),
	(3676, 'D3-39', 'AVAILABLE', 15, NULL, NULL),
	(3677, 'D3-40', 'AVAILABLE', 15, NULL, NULL),
	(3678, 'D3-41', 'AVAILABLE', 15, NULL, NULL),
	(3679, 'D3-42', 'AVAILABLE', 15, NULL, NULL),
	(3680, 'D3-43', 'AVAILABLE', 15, NULL, NULL),
	(3681, 'D3-44', 'AVAILABLE', 15, NULL, NULL),
	(3682, 'D3-45', 'AVAILABLE', 15, NULL, NULL),
	(3683, 'D3-46', 'AVAILABLE', 15, NULL, NULL),
	(3684, 'D3-47', 'AVAILABLE', 15, NULL, NULL),
	(3685, 'D3-48', 'AVAILABLE', 15, NULL, NULL),
	(3686, 'D3-49', 'AVAILABLE', 15, NULL, NULL),
	(3687, 'D3-50', 'AVAILABLE', 15, NULL, NULL),
	(3688, 'D3-51', 'AVAILABLE', 15, NULL, NULL),
	(3689, 'D3-52', 'AVAILABLE', 15, NULL, NULL),
	(3690, 'D3-53', 'AVAILABLE', 15, NULL, NULL),
	(3691, 'D3-54', 'AVAILABLE', 15, NULL, NULL),
	(3692, 'D3-55', 'AVAILABLE', 15, NULL, NULL),
	(3693, 'D3-56', 'AVAILABLE', 15, NULL, NULL),
	(3694, 'D3-57', 'AVAILABLE', 15, NULL, NULL),
	(3695, 'D3-58', 'AVAILABLE', 15, NULL, NULL),
	(3696, 'D3-59', 'AVAILABLE', 15, NULL, NULL),
	(3697, 'D3-60', 'AVAILABLE', 15, NULL, NULL),
	(3698, 'D3-61', 'AVAILABLE', 15, NULL, NULL),
	(3699, 'D3-62', 'AVAILABLE', 15, NULL, NULL),
	(3700, 'D3-63', 'AVAILABLE', 15, NULL, NULL),
	(3701, 'D3-64', 'AVAILABLE', 15, NULL, NULL),
	(3702, 'D3-65', 'AVAILABLE', 15, NULL, NULL),
	(3703, 'D3-66', 'AVAILABLE', 15, NULL, NULL),
	(3704, 'D3-67', 'AVAILABLE', 15, NULL, NULL),
	(3705, 'D3-68', 'AVAILABLE', 15, NULL, NULL),
	(3706, 'D3-69', 'AVAILABLE', 15, NULL, NULL),
	(3707, 'D3-70', 'AVAILABLE', 15, NULL, NULL),
	(3708, 'D3-71', 'AVAILABLE', 15, NULL, NULL),
	(3709, 'D3-72', 'AVAILABLE', 15, NULL, NULL),
	(3710, 'D3-73', 'AVAILABLE', 15, NULL, NULL),
	(3711, 'D3-74', 'AVAILABLE', 15, NULL, NULL),
	(3712, 'D3-75', 'AVAILABLE', 15, NULL, NULL),
	(3713, 'D3-76', 'AVAILABLE', 15, NULL, NULL),
	(3714, 'D3-77', 'AVAILABLE', 15, NULL, NULL),
	(3715, 'D3-78', 'AVAILABLE', 15, NULL, NULL),
	(3716, 'D3-79', 'AVAILABLE', 15, NULL, NULL),
	(3717, 'D3-80', 'AVAILABLE', 15, NULL, NULL),
	(3718, 'D3-81', 'AVAILABLE', 15, NULL, NULL),
	(3719, 'D3-82', 'AVAILABLE', 15, NULL, NULL),
	(3720, 'D3-83', 'AVAILABLE', 15, NULL, NULL),
	(3721, 'D3-84', 'AVAILABLE', 15, NULL, NULL),
	(3722, 'D3-85', 'AVAILABLE', 15, NULL, NULL),
	(3723, 'D3-86', 'AVAILABLE', 15, NULL, NULL),
	(3724, 'D3-87', 'AVAILABLE', 15, NULL, NULL),
	(3725, 'D3-88', 'AVAILABLE', 15, NULL, NULL),
	(3726, 'D3-89', 'AVAILABLE', 15, NULL, NULL),
	(3727, 'D3-90', 'AVAILABLE', 15, NULL, NULL),
	(3728, 'D3-91', 'AVAILABLE', 15, NULL, NULL),
	(3729, 'D3-92', 'AVAILABLE', 15, NULL, NULL),
	(3730, 'D3-93', 'AVAILABLE', 15, NULL, NULL),
	(3731, 'D3-94', 'AVAILABLE', 15, NULL, NULL),
	(3732, 'D3-95', 'AVAILABLE', 15, NULL, NULL),
	(3733, 'D3-96', 'AVAILABLE', 15, NULL, NULL),
	(3734, 'D3-97', 'AVAILABLE', 15, NULL, NULL),
	(3735, 'D3-98', 'AVAILABLE', 15, NULL, NULL),
	(3736, 'D3-99', 'AVAILABLE', 15, NULL, NULL),
	(3737, 'D3-100', 'AVAILABLE', 15, NULL, NULL),
	(3738, 'D3-101', 'AVAILABLE', 15, NULL, NULL),
	(3739, 'D3-102', 'AVAILABLE', 15, NULL, NULL),
	(3740, 'D3-103', 'AVAILABLE', 15, NULL, NULL),
	(3741, 'D3-104', 'AVAILABLE', 15, NULL, NULL),
	(3742, 'D3-105', 'AVAILABLE', 15, NULL, NULL),
	(3743, 'D3-106', 'AVAILABLE', 15, NULL, NULL),
	(3744, 'D3-107', 'AVAILABLE', 15, NULL, NULL),
	(3745, 'D3-108', 'AVAILABLE', 15, NULL, NULL),
	(3746, 'D3-109', 'AVAILABLE', 15, NULL, NULL),
	(3747, 'D3-110', 'AVAILABLE', 15, NULL, NULL),
	(3748, 'D3-111', 'AVAILABLE', 15, NULL, NULL),
	(3749, 'D3-112', 'AVAILABLE', 15, NULL, NULL),
	(3750, 'D3-113', 'AVAILABLE', 15, NULL, NULL),
	(3751, 'D3-114', 'AVAILABLE', 15, NULL, NULL),
	(3752, 'D3-115', 'AVAILABLE', 15, NULL, NULL),
	(3753, 'D3-116', 'AVAILABLE', 15, NULL, NULL),
	(3754, 'D3-117', 'AVAILABLE', 15, NULL, NULL),
	(3755, 'D3-118', 'AVAILABLE', 15, NULL, NULL),
	(3756, 'D3-119', 'AVAILABLE', 15, NULL, NULL),
	(3757, 'D3-120', 'AVAILABLE', 15, NULL, NULL),
	(3758, 'D3-121', 'AVAILABLE', 15, NULL, NULL),
	(3759, 'D3-122', 'AVAILABLE', 15, NULL, NULL),
	(3760, 'D3-123', 'AVAILABLE', 15, NULL, NULL),
	(3761, 'D3-124', 'AVAILABLE', 15, NULL, NULL),
	(3762, 'D3-125', 'AVAILABLE', 15, NULL, NULL),
	(3763, 'D3-126', 'AVAILABLE', 15, NULL, NULL),
	(3764, 'D3-127', 'AVAILABLE', 15, NULL, NULL),
	(3765, 'D3-128', 'AVAILABLE', 15, NULL, NULL),
	(3766, 'D3-129', 'AVAILABLE', 15, NULL, NULL),
	(3767, 'D3-130', 'AVAILABLE', 15, NULL, NULL),
	(3768, 'D3-131', 'AVAILABLE', 15, NULL, NULL),
	(3769, 'D3-132', 'AVAILABLE', 15, NULL, NULL),
	(3770, 'D3-133', 'AVAILABLE', 15, NULL, NULL),
	(3771, 'D3-134', 'AVAILABLE', 15, NULL, NULL),
	(3772, 'D3-135', 'AVAILABLE', 15, NULL, NULL),
	(3773, 'D3-136', 'AVAILABLE', 15, NULL, NULL),
	(3774, 'D3-137', 'AVAILABLE', 15, NULL, NULL),
	(3775, 'D3-138', 'AVAILABLE', 15, NULL, NULL),
	(3776, 'D3-139', 'AVAILABLE', 15, NULL, NULL),
	(3777, 'D3-140', 'AVAILABLE', 15, NULL, NULL),
	(3778, 'D3-141', 'AVAILABLE', 15, NULL, NULL),
	(3779, 'D3-142', 'AVAILABLE', 15, NULL, NULL),
	(3780, 'D3-143', 'AVAILABLE', 15, NULL, NULL),
	(3781, 'D3-144', 'AVAILABLE', 15, NULL, NULL),
	(3782, 'D3-145', 'AVAILABLE', 15, NULL, NULL),
	(3783, 'D3-146', 'AVAILABLE', 15, NULL, NULL),
	(3784, 'D3-147', 'AVAILABLE', 15, NULL, NULL),
	(3785, 'D3-148', 'AVAILABLE', 15, NULL, NULL),
	(3786, 'D3-149', 'AVAILABLE', 15, NULL, NULL),
	(3787, 'D3-150', 'AVAILABLE', 15, NULL, NULL),
	(3788, 'D3-151', 'AVAILABLE', 15, NULL, NULL),
	(3789, 'D3-152', 'AVAILABLE', 15, NULL, NULL),
	(3790, 'D3-153', 'AVAILABLE', 15, NULL, NULL),
	(3791, 'D3-154', 'AVAILABLE', 15, NULL, NULL),
	(3792, 'D3-155', 'AVAILABLE', 15, NULL, NULL),
	(3793, 'D3-156', 'AVAILABLE', 15, NULL, NULL),
	(3794, 'D3-157', 'AVAILABLE', 15, NULL, NULL),
	(3795, 'D3-158', 'AVAILABLE', 15, NULL, NULL),
	(3796, 'D3-159', 'AVAILABLE', 15, NULL, NULL),
	(3797, 'D3-160', 'AVAILABLE', 15, NULL, NULL),
	(3798, 'D3-161', 'AVAILABLE', 15, NULL, NULL),
	(3799, 'D3-162', 'AVAILABLE', 15, NULL, NULL),
	(3800, 'D3-163', 'AVAILABLE', 15, NULL, NULL),
	(3801, 'D3-164', 'AVAILABLE', 15, NULL, NULL),
	(3802, 'D3-165', 'AVAILABLE', 15, NULL, NULL),
	(3803, 'D3-166', 'AVAILABLE', 15, NULL, NULL),
	(3804, 'D3-167', 'AVAILABLE', 15, NULL, NULL),
	(3805, 'D3-168', 'AVAILABLE', 15, NULL, NULL),
	(3806, 'D3-169', 'AVAILABLE', 15, NULL, NULL),
	(3807, 'D3-170', 'AVAILABLE', 15, NULL, NULL),
	(3808, 'D3-171', 'AVAILABLE', 15, NULL, NULL),
	(3809, 'D3-172', 'AVAILABLE', 15, NULL, NULL),
	(3810, 'D3-173', 'AVAILABLE', 15, NULL, NULL),
	(3811, 'D3-174', 'AVAILABLE', 15, NULL, NULL),
	(3812, 'D3-175', 'AVAILABLE', 15, NULL, NULL),
	(3813, 'D3-176', 'AVAILABLE', 15, NULL, NULL),
	(3814, 'D3-177', 'AVAILABLE', 15, NULL, NULL),
	(3815, 'D3-178', 'AVAILABLE', 15, NULL, NULL),
	(3816, 'D3-179', 'AVAILABLE', 15, NULL, NULL),
	(3817, 'D3-180', 'AVAILABLE', 15, NULL, NULL),
	(3818, 'D3-181', 'AVAILABLE', 15, NULL, NULL),
	(3819, 'D3-182', 'AVAILABLE', 15, NULL, NULL),
	(3820, 'D3-183', 'AVAILABLE', 15, NULL, NULL),
	(3821, 'D3-184', 'AVAILABLE', 15, NULL, NULL),
	(3822, 'D3-185', 'AVAILABLE', 15, NULL, NULL),
	(3823, 'D3-186', 'AVAILABLE', 15, NULL, NULL),
	(3824, 'D3-187', 'AVAILABLE', 15, NULL, NULL),
	(3825, 'D3-188', 'AVAILABLE', 15, NULL, NULL),
	(3826, 'D3-189', 'AVAILABLE', 15, NULL, NULL),
	(3827, 'D3-190', 'AVAILABLE', 15, NULL, NULL),
	(3828, 'D3-191', 'AVAILABLE', 15, NULL, NULL),
	(3829, 'D3-192', 'AVAILABLE', 15, NULL, NULL),
	(3830, 'D3-193', 'AVAILABLE', 15, NULL, NULL),
	(3831, 'D3-194', 'AVAILABLE', 15, NULL, NULL),
	(3832, 'D3-195', 'AVAILABLE', 15, NULL, NULL),
	(3833, 'D3-196', 'AVAILABLE', 15, NULL, NULL),
	(3834, 'D3-197', 'AVAILABLE', 15, NULL, NULL),
	(3835, 'D3-198', 'AVAILABLE', 15, NULL, NULL),
	(3836, 'D3-199', 'AVAILABLE', 15, NULL, NULL),
	(3837, 'D3-200', 'AVAILABLE', 15, NULL, NULL),
	(3838, 'D3-201', 'AVAILABLE', 15, NULL, NULL),
	(3839, 'D3-202', 'AVAILABLE', 15, NULL, NULL),
	(3840, 'D3-203', 'AVAILABLE', 15, NULL, NULL),
	(3841, 'D3-204', 'AVAILABLE', 15, NULL, NULL),
	(3842, 'D3-205', 'AVAILABLE', 15, NULL, NULL),
	(3843, 'D3-206', 'AVAILABLE', 15, NULL, NULL),
	(3844, 'D3-207', 'AVAILABLE', 15, NULL, NULL),
	(3845, 'D3-208', 'AVAILABLE', 15, NULL, NULL),
	(3846, 'D3-209', 'AVAILABLE', 15, NULL, NULL),
	(3847, 'D3-210', 'AVAILABLE', 15, NULL, NULL),
	(3848, 'D3-211', 'AVAILABLE', 15, NULL, NULL),
	(3849, 'D3-212', 'AVAILABLE', 15, NULL, NULL),
	(3850, 'D3-213', 'AVAILABLE', 15, NULL, NULL),
	(3851, 'D3-214', 'AVAILABLE', 15, NULL, NULL),
	(3852, 'D3-215', 'AVAILABLE', 15, NULL, NULL),
	(3853, 'D3-216', 'AVAILABLE', 15, NULL, NULL),
	(3854, 'D3-217', 'AVAILABLE', 15, NULL, NULL),
	(3855, 'D3-218', 'AVAILABLE', 15, NULL, NULL),
	(3856, 'D3-219', 'AVAILABLE', 15, NULL, NULL),
	(3857, 'D3-220', 'AVAILABLE', 15, NULL, NULL),
	(3858, 'D3-221', 'AVAILABLE', 15, NULL, NULL);
/*!40000 ALTER TABLE `kavlings` ENABLE KEYS */;

-- Dumping data for table kavlings_app.migrations: ~7 rows (approximately)
DELETE FROM `migrations`;
/*!40000 ALTER TABLE `migrations` DISABLE KEYS */;
INSERT INTO `migrations` (`id`, `migration`, `batch`) VALUES
	(1, '2014_10_12_000000_create_users_table', 1),
	(2, '2014_10_12_100000_create_password_resets_table', 1),
	(3, '2019_08_19_000000_create_failed_jobs_table', 1),
	(4, '2019_12_14_000001_create_personal_access_tokens_table', 1),
	(5, '2022_11_09_104325_create_blocks_table', 1),
	(6, '2022_11_10_014735_create_kavlings_table', 1),
	(7, '2022_11_10_055423_create_row_blocks_table', 1);
/*!40000 ALTER TABLE `migrations` ENABLE KEYS */;

-- Dumping data for table kavlings_app.orders: ~3 rows (approximately)
DELETE FROM `orders`;
/*!40000 ALTER TABLE `orders` DISABLE KEYS */;
INSERT INTO `orders` (`id`, `nomor_invoice`, `total`, `status`, `metode_pembayaran`, `status_pembayaran`, `tanggal_pembayaran`, `nama_pemesan`, `email_pemesan`, `nomor_pemesan`, `nama_terhibah`, `nomor_hp_terhibah`, `url_payment`, `created_at`, `updated_at`) VALUES
	(1, 'KAV22110001', 5100000.00, 'SELESAI', 'TRANSFER', 'SUCCESS', '2022-11-19 07:27:10', 'Andre Maulana', 'tylooo186@gmail.com', '082252961155', NULL, NULL, 'https://sandbox.ipaymu.com/payment/F1A565CF-0A10-4A22-9C46-049200E8FF38', '2022-11-19 07:26:23', '2022-11-19 07:27:14'),
	(2, 'KAV22110002', 4500000.00, 'SELESAI', 'CASH', 'SUCCESS', '2022-11-19 07:52:55', 'Mia Grace', 'tylooo186@gmail.com', '08123456789', NULL, NULL, NULL, '2022-11-19 07:35:42', '2022-11-19 07:52:55'),
	(7, 'KAV22110003', 5100000.00, 'SELESAI', 'CASH', 'SUCCESS', '2022-11-19 12:17:33', 'Mohammed Salah', 'tylooo186@gmail.com', '081234567892', 'Sadio Mane', '082252119921', NULL, '2022-11-19 12:17:33', '2022-11-19 12:17:33');
/*!40000 ALTER TABLE `orders` ENABLE KEYS */;

-- Dumping data for table kavlings_app.order_details: ~11 rows (approximately)
DELETE FROM `order_details`;
/*!40000 ALTER TABLE `order_details` DISABLE KEYS */;
INSERT INTO `order_details` (`id`, `order_id`, `kavling_id`, `nama`, `jumlah`, `subtotal`, `created_at`, `updated_at`) VALUES
	(1, 1, 2, 'AI-2', 1, 1500000, '2022-11-19 07:26:23', '2022-11-19 07:26:23'),
	(2, 1, 4, 'AI-4', 1, 1500000, '2022-11-19 07:26:23', '2022-11-19 07:26:23'),
	(3, 1, 6, 'AI-6', 1, 1500000, '2022-11-19 07:26:23', '2022-11-19 07:26:23'),
	(4, 1, NULL, 'Keramik', 3, 600000, '2022-11-19 07:26:23', '2022-11-19 07:26:23'),
	(5, 2, 600, 'A-6', 1, 1500000, '2022-11-19 07:35:42', '2022-11-19 07:35:42'),
	(6, 2, 598, 'A-4', 1, 1500000, '2022-11-19 07:35:42', '2022-11-19 07:35:42'),
	(7, 2, 596, 'A-2', 1, 1500000, '2022-11-19 07:35:42', '2022-11-19 07:35:42'),
	(12, 7, NULL, 'Semen', 3, 600000, '2022-11-19 12:17:33', '2022-11-19 12:17:33'),
	(13, 7, 2065, 'CI-1', 1, 1500000, '2022-11-19 12:17:33', '2022-11-19 12:17:33'),
	(14, 7, 2066, 'CI-2', 1, 1500000, '2022-11-19 12:17:33', '2022-11-19 12:17:33'),
	(15, 7, 2067, 'CI-3', 1, 1500000, '2022-11-19 12:17:33', '2022-11-19 12:17:33');
/*!40000 ALTER TABLE `order_details` ENABLE KEYS */;

-- Dumping data for table kavlings_app.password_resets: ~0 rows (approximately)
DELETE FROM `password_resets`;
/*!40000 ALTER TABLE `password_resets` DISABLE KEYS */;
/*!40000 ALTER TABLE `password_resets` ENABLE KEYS */;

-- Dumping data for table kavlings_app.personal_access_tokens: ~0 rows (approximately)
DELETE FROM `personal_access_tokens`;
/*!40000 ALTER TABLE `personal_access_tokens` DISABLE KEYS */;
/*!40000 ALTER TABLE `personal_access_tokens` ENABLE KEYS */;

-- Dumping data for table kavlings_app.row_blocks: ~5 rows (approximately)
DELETE FROM `row_blocks`;
/*!40000 ALTER TABLE `row_blocks` DISABLE KEYS */;
INSERT INTO `row_blocks` (`id`, `rowname`, `classname`, `created_at`, `updated_at`) VALUES
	(1, '1', 'block-a', NULL, NULL),
	(2, '2', 'block-b', NULL, NULL),
	(3, '3', 'block-c', NULL, NULL),
	(4, '4', 'block-c', NULL, NULL),
	(5, '5', 'block-a', NULL, NULL);
/*!40000 ALTER TABLE `row_blocks` ENABLE KEYS */;

-- Dumping data for table kavlings_app.testimonials: ~1 rows (approximately)
DELETE FROM `testimonials`;
/*!40000 ALTER TABLE `testimonials` DISABLE KEYS */;
INSERT INTO `testimonials` (`id`, `nama`, `testimonial_text`, `created_at`, `updated_at`) VALUES
	(1, 'Prof Dulak Katilas', 'Pemesanan online melalui laman website ini sangat membantu saya', '2022-11-19 07:47:34', '2022-11-19 07:47:34');
/*!40000 ALTER TABLE `testimonials` ENABLE KEYS */;

-- Dumping data for table kavlings_app.users: ~1 rows (approximately)
DELETE FROM `users`;
/*!40000 ALTER TABLE `users` DISABLE KEYS */;
INSERT INTO `users` (`id`, `name`, `email`, `email_verified_at`, `password`, `remember_token`, `created_at`, `updated_at`) VALUES
	(1, 'uadmin', 'admin@gmail.com', NULL, '$2y$10$rOZaBXHNWVKzc7SmBRchpuDZJQ1vch0OxEBq.pdnUK4XmFhLt8rJW', '6UXwtDhXEFxtkPCeDmkcIwp9Nkzc6h8yQ7UrG221TTqNpvkp7cOQh8jZBySj', '2022-11-10 06:00:16', '2022-11-10 06:00:16');
/*!40000 ALTER TABLE `users` ENABLE KEYS */;

/*!40101 SET SQL_MODE=IFNULL(@OLD_SQL_MODE, '') */;
/*!40014 SET FOREIGN_KEY_CHECKS=IFNULL(@OLD_FOREIGN_KEY_CHECKS, 1) */;
/*!40101 SET CHARACTER_SET_CLIENT=@OLD_CHARACTER_SET_CLIENT */;
/*!40111 SET SQL_NOTES=IFNULL(@OLD_SQL_NOTES, 1) */;
